{"_class":"page","do_objectID":"68CDDB49-B3DF-45AD-BC24-925DD374EFBF","exportOptions":{"_class":"exportOptions","exportFormats":[],"includedLayerIds":[],"layerOptions":0,"shouldTrim":false},"frame":{"_class":"rect","constrainProportions":false,"height":300,"width":300,"x":0,"y":0},"isFlippedHorizontal":false,"isFlippedVertical":false,"isLocked":false,"isVisible":true,"layerListExpandedType":0,"name":"Welcome","nameIsFixed":false,"resizingConstraint":0,"resizingType":0,"rotation":0,"shouldBreakMaskChain":false,"style":{"_class":"style","endDecorationType":0,"miterLimit":10,"startDecorationType":0},"hasClickThrough":true,"layers":[{"_class":"artboard","do_objectID":"AC13CA81-ABEE-4545-B5D1-9AE375C39D72","exportOptions":{"_class":"exportOptions","exportFormats":[],"includedLayerIds":[],"layerOptions":0,"shouldTrim":false},"frame":{"_class":"rect","do_objectID":"6B76B388-2B45-4AC2-B534-7FBA5A1C9172","constrainProportions":false,"height":1024,"width":1440,"x":886,"y":185},"isFlippedHorizontal":false,"isFlippedVertical":false,"isLocked":false,"isVisible":true,"layerListExpandedType":0,"name":"Desktop HD","nameIsFixed":false,"resizingConstraint":63,"resizingType":0,"rotation":0,"shouldBreakMaskChain":true,"style":{"_class":"style","endDecorationType":0,"miterLimit":10,"startDecorationType":0},"hasClickThrough":true,"layers":[{"_class":"group","do_objectID":"FC611829-9C70-4EB2-9DC3-97AA8566C644","exportOptions":{"_class":"exportOptions","exportFormats":[{"_class":"exportFormat","absoluteSize":0,"fileFormat":"png","name":"","namingScheme":0,"scale":1,"visibleScaleType":0},{"_class":"exportFormat","absoluteSize":0,"fileFormat":"png","name":"@2x","namingScheme":0,"scale":2,"visibleScaleType":0}],"includedLayerIds":[],"layerOptions":0,"shouldTrim":false},"frame":{"_class":"rect","do_objectID":"29E5B83E-1AE4-40C8-B897-324ED7E4F423","constrainProportions":false,"height":904,"width":960,"x":50,"y":50},"isFlippedHorizontal":false,"isFlippedVertical":false,"isLocked":false,"isVisible":true,"layerListExpandedType":0,"name":"Instructions — You can remove this","nameIsFixed":true,"resizingConstraint":63,"resizingType":0,"rotation":0,"shouldBreakMaskChain":true,"style":{"_class":"style","do_objectID":"213B3A2B-F646-44B1-8078-8BC55550C692","endDecorationType":0,"miterLimit":10,"startDecorationType":0},"hasClickThrough":false,"layers":[{"_class":"text","do_objectID":"FEE72FD2-C05A-4D67-BB19-42B58673D933","exportOptions":{"_class":"exportOptions","exportFormats":[],"includedLayerIds":[],"layerOptions":0,"shouldTrim":false},"frame":{"_class":"rect","do_objectID":"EA7EF1C9-AFAD-4BC6-9D90-C0151FA0E08E","constrainProportions":false,"height":67,"width":715,"x":0,"y":0},"isFlippedHorizontal":false,"isFlippedVertical":false,"isLocked":false,"isVisible":true,"layerListExpandedType":0,"name":"Sketch Wireframing K","nameIsFixed":false,"resizingConstraint":63,"resizingType":0,"rotation":0,"shouldBreakMaskChain":false,"style":{"_class":"style","do_objectID":"0171A270-F103-4ED5-A01B-616A574DA48A","endDecorationType":0,"miterLimit":10,"startDecorationType":0,"textStyle":{"_class":"textStyle","encodedAttributes":{"MSAttributedStringFontAttribute":{"_class":"fontDescriptor","attributes":{"name":"AvenirNext-Bold","size":49.22448979591837}},"MSAttributedStringColorAttribute":{"_class":"color","alpha":1,"blue":0.2902374566,"green":0.2901752889,"red":0.2902216315},"paragraphStyle":{"_class":"paragraphStyle","allowsDefaultTighteningForTruncation":0}},"verticalAlignment":0}},"attributedString":{"_class":"attributedString","string":"Sketch Wireframing Kit — v1.3","attributes":[{"_class":"stringAttribute","location":0,"length":29,"attributes":{"MSAttributedStringFontAttribute":{"_class":"fontDescriptor","attributes":{"name":"AvenirNext-Bold","size":49.22448979591837}},"MSAttributedStringColorAttribute":{"_class":"color","alpha":1,"blue":0.2902374566,"green":0.2901752889,"red":0.2902216315},"paragraphStyle":{"_class":"paragraphStyle","allowsDefaultTighteningForTruncation":0}}}]},"automaticallyDrawOnUnderlyingPath":false,"dontSynchroniseWithSymbol":false,"glyphBounds":"{{0, 0}, {710, 61}}","lineSpacingBehaviour":0,"textBehaviour":1},{"_class":"text","do_objectID":"C15CACAB-9596-416F-BFFF-BCC872C1900E","exportOptions":{"_class":"exportOptions","exportFormats":[],"includedLayerIds":[],"layerOptions":0,"shouldTrim":false},"frame":{"_class":"rect","do_objectID":"4B106D68-A951-4E55-A102-B02F4F0EC314","constrainProportions":false,"height":52,"width":794,"x":0,"y":85},"isFlippedHorizontal":false,"isFlippedVertical":false,"isLocked":false,"isVisible":true,"layerListExpandedType":0,"name":"This is a collection","nameIsFixed":false,"resizingConstraint":63,"resizingType":0,"rotation":0,"shouldBreakMaskChain":false,"style":{"_class":"style","do_objectID":"7F879F7F-BB0A-4F45-8679-617AF239A2D0","endDecorationType":0,"miterLimit":10,"startDecorationType":0,"textStyle":{"_class":"textStyle","encodedAttributes":{"MSAttributedStringFontAttribute":{"_class":"fontDescriptor","attributes":{"name":"AvenirNext-Regular","size":19.15789473684211}},"MSAttributedStringColorAttribute":{"_class":"color","alpha":1,"blue":0.55,"green":0.55,"red":0.55},"paragraphStyle":{"_class":"paragraphStyle","alignment":0,"allowsDefaultTighteningForTruncation":0}},"verticalAlignment":0}},"attributedString":{"_class":"attributedString","string":"This is a collection of symbols and text styles for quickly mocking up web apps, created by your friends at Bohemian Coding, and released under the MIT license.","attributes":[{"_class":"stringAttribute","location":0,"length":160,"attributes":{"MSAttributedStringFontAttribute":{"_class":"fontDescriptor","attributes":{"name":"AvenirNext-Regular","size":19.15789473684211}},"MSAttributedStringColorAttribute":{"_class":"color","alpha":1,"blue":0.55,"green":0.55,"red":0.55},"paragraphStyle":{"_class":"paragraphStyle","alignment":0,"allowsDefaultTighteningForTruncation":0}}}]},"automaticallyDrawOnUnderlyingPath":false,"dontSynchroniseWithSymbol":false,"glyphBounds":"{{0, 0}, {794, 52}}","lineSpacingBehaviour":0,"textBehaviour":1},{"_class":"group","do_objectID":"F24EAC3C-96FC-4F1F-B122-021F978EDCB7","exportOptions":{"_class":"exportOptions","exportFormats":[],"includedLayerIds":[],"layerOptions":0,"shouldTrim":false},"frame":{"_class":"rect","do_objectID":"4D1660B8-2759-4B1F-97CF-2C70E94004EA","constrainProportions":false,"height":199,"width":960,"x":0,"y":428},"isFlippedHorizontal":false,"isFlippedVertical":false,"isLocked":false,"isVisible":true,"layerListExpandedType":0,"name":"Symbols Icon + Symbols — Usage + Use the toolbar Symb","nameIsFixed":false,"resizingConstraint":63,"resizingType":0,"rotation":0,"shouldBreakMaskChain":false,"style":{"_class":"style","do_objectID":"4F61D35D-9444-4371-A12C-D6BFC3264D3F","endDecorationType":0,"miterLimit":10,"startDecorationType":0},"hasClickThrough":false,"layers":[{"_class":"group","do_objectID":"9C13926F-D2A2-4516-BA79-5B844259CBC7","exportOptions":{"_class":"exportOptions","exportFormats":[],"includedLayerIds":[],"layerOptions":0,"shouldTrim":false},"frame":{"_class":"rect","do_objectID":"29BAE646-8581-427B-BAB6-815D33EC3121","constrainProportions":false,"height":66,"width":66,"x":0,"y":63},"isFlippedHorizontal":false,"isFlippedVertical":false,"isLocked":false,"isVisible":true,"layerListExpandedType":0,"name":"Symbols Icon","nameIsFixed":true,"resizingConstraint":63,"resizingType":0,"rotation":0,"shouldBreakMaskChain":false,"style":{"_class":"style","do_objectID":"4EA40082-A558-4FFA-8E88-323F00D5E607","blur":{"_class":"blur","isEnabled":false,"center":"{0.5, 0.5}","motionAngle":0,"radius":20,"type":0},"endDecorationType":0,"miterLimit":10,"startDecorationType":0},"hasClickThrough":false,"layers":[{"_class":"shapeGroup","do_objectID":"BCBB868A-A041-4D51-894E-C14712837B4F","exportOptions":{"_class":"exportOptions","exportFormats":[],"includedLayerIds":[],"layerOptions":0,"shouldTrim":false},"frame":{"_class":"rect","do_objectID":"6B230628-1029-4498-A575-1D45E338958E","constrainProportions":false,"height":66,"width":66,"x":0,"y":0},"isFlippedHorizontal":false,"isFlippedVertical":false,"isLocked":false,"isVisible":true,"layerListExpandedType":0,"name":"Rectangle 519","nameIsFixed":false,"resizingConstraint":63,"resizingType":0,"rotation":0,"shouldBreakMaskChain":false,"style":{"_class":"style","do_objectID":"E1EBC49F-4B5F-404E-96CD-22FD6C9F809B","blur":{"_class":"blur","isEnabled":false,"center":"{0.5, 0.5}","motionAngle":0,"radius":26.66666666666666,"type":0},"borders":[{"_class":"border","isEnabled":true,"color":{"_class":"color","alpha":1,"blue":0.4117647058823529,"green":0.2941176470588236,"red":0.3764705882352941},"fillType":0,"gradient":{"_class":"gradient","elipseLength":1,"from":"{0.5, 0}","gradientType":0,"stops":[{"_class":"gradientStop","color":{"_class":"color","alpha":1,"blue":0.5176470588235295,"green":0.3725490196078432,"red":0.4745098039215687},"position":0},{"_class":"gradientStop","color":{"_class":"color","alpha":1,"blue":0.5568627450980392,"green":0.2901960784313725,"red":0.4392156862745098},"position":1}],"to":"{0.5, 1}"},"position":1,"thickness":2},{"_class":"border","isEnabled":true,"color":{"_class":"color","alpha":1,"blue":0.5254901960784314,"green":0.3803921568627451,"red":0.4784313725490196},"fillType":0,"position":1,"thickness":1}],"endDecorationType":0,"fills":[{"_class":"fill","isEnabled":true,"color":{"_class":"color","alpha":1,"blue":0.847,"green":0.847,"red":0.847},"fillType":1,"gradient":{"_class":"gradient","elipseLength":1,"from":"{0.5, 0}","gradientType":0,"stops":[{"_class":"gradientStop","color":{"_class":"color","alpha":1,"blue":0.8705882352941177,"green":0.4941176470588236,"red":0.8823529411764706},"position":0},{"_class":"gradientStop","color":{"_class":"color","alpha":1,"blue":0.9490196078431372,"green":0.4666666666666667,"red":0.784313725490196},"position":1}],"to":"{0.5, 1}"},"noiseIndex":0,"noiseIntensity":0,"patternFillType":0,"patternTileScale":1}],"innerShadows":[{"_class":"innerShadow","isEnabled":true,"blurRadius":0,"color":{"_class":"color","alpha":0.25,"blue":1,"green":1,"red":1},"contextSettings":{"_class":"graphicsContextSettings","blendMode":0,"opacity":1},"offsetX":0,"offsetY":3,"spread":0}],"miterLimit":10,"shadows":[{"_class":"shadow","isEnabled":true,"blurRadius":0,"color":{"_class":"color","alpha":0.2,"blue":1,"green":1,"red":1},"contextSettings":{"_class":"graphicsContextSettings","blendMode":0,"opacity":1},"offsetX":0,"offsetY":2,"spread":0},{"_class":"shadow","isEnabled":true,"blurRadius":0,"color":{"_class":"color","alpha":0.2,"blue":1,"green":1,"red":1},"contextSettings":{"_class":"graphicsContextSettings","blendMode":0,"opacity":1},"offsetX":0,"offsetY":1,"spread":0}],"startDecorationType":0},"hasClickThrough":false,"layers":[{"_class":"rectangle","do_objectID":"3F0D6CFC-5537-421C-9F65-8CCE3B1FDCF1","exportOptions":{"_class":"exportOptions","exportFormats":[],"includedLayerIds":[],"layerOptions":0,"shouldTrim":false},"frame":{"_class":"rect","do_objectID":"5E4DEE49-192B-40E7-86D6-F46148840825","constrainProportions":false,"height":66,"width":66,"x":0,"y":0},"isFlippedHorizontal":false,"isFlippedVertical":false,"isLocked":false,"isVisible":true,"layerListExpandedType":0,"name":"Path","nameIsFixed":false,"resizingConstraint":63,"resizingType":0,"rotation":0,"shouldBreakMaskChain":false,"booleanOperation":-1,"edited":false,"isClosed":true,"pointRadiusBehaviour":0,"points":[{"_class":"curvePoint","do_objectID":"9EDC29DF-6C37-440A-9804-1F97A77CE706","cornerRadius":12,"curveFrom":"{0, 0}","curveMode":1,"curveTo":"{0, 0}","hasCurveFrom":false,"hasCurveTo":false,"point":"{0, 0}"},{"_class":"curvePoint","do_objectID":"DDD7FB17-F39F-4712-8399-5649D5616EE2","cornerRadius":12,"curveFrom":"{0, 1}","curveMode":1,"curveTo":"{0, 1}","hasCurveFrom":false,"hasCurveTo":false,"point":"{0, 1}"},{"_class":"curvePoint","do_objectID":"B2700491-B8F3-424F-B1E9-E8685AF11D0F","cornerRadius":12,"curveFrom":"{1, 1}","curveMode":1,"curveTo":"{1, 1}","hasCurveFrom":false,"hasCurveTo":false,"point":"{1, 1}"},{"_class":"curvePoint","do_objectID":"18E9D3C7-1E28-4EF9-8062-5170814A9783","cornerRadius":12,"curveFrom":"{1, 0}","curveMode":1,"curveTo":"{1, 0}","hasCurveFrom":false,"hasCurveTo":false,"point":"{1, 0}"}],"fixedRadius":12,"hasConvertedToNewRoundCorners":true}],"clippingMaskMode":0,"hasClippingMask":false,"windingRule":1},{"_class":"shapeGroup","do_objectID":"915D38F4-25F9-4362-9871-21F50200BFEA","exportOptions":{"_class":"exportOptions","exportFormats":[],"includedLayerIds":[],"layerOptions":0,"shouldTrim":false},"frame":{"_class":"rect","do_objectID":"92DFABC6-D1BE-4EBE-825E-C4FE5BFB80D6","constrainProportions":false,"height":44,"width":39,"x":14,"y":12},"isFlippedHorizontal":false,"isFlippedVertical":false,"isLocked":false,"isVisible":true,"layerListExpandedType":0,"name":"Sync copy","nameIsFixed":true,"resizingConstraint":63,"resizingType":0,"rotation":0,"shouldBreakMaskChain":false,"style":{"_class":"style","do_objectID":"C5D123E9-7792-4CD5-9146-97D7005A4897","blur":{"_class":"blur","isEnabled":false,"center":"{0.5, 0.5}","motionAngle":0,"radius":26.66666666666666,"type":0},"borders":[{"_class":"border","isEnabled":true,"color":{"_class":"color","alpha":0.2045323988970588,"blue":0,"green":0,"red":0},"fillType":0,"position":2,"thickness":1}],"endDecorationType":0,"fills":[{"_class":"fill","isEnabled":true,"color":{"_class":"color","alpha":1,"blue":1,"green":1,"red":1},"fillType":0,"noiseIndex":0,"noiseIntensity":0,"patternFillType":0,"patternTileScale":1}],"miterLimit":10,"startDecorationType":0},"hasClickThrough":false,"layers":[{"_class":"oval","do_objectID":"1F3E2EF4-EBC0-43FE-9087-F410D7E53294","exportOptions":{"_class":"exportOptions","exportFormats":[],"includedLayerIds":[],"layerOptions":0,"shouldTrim":false},"frame":{"_class":"rect","do_objectID":"11AC9182-6C2C-41A3-B01E-5B155F42FE72","constrainProportions":false,"height":39,"width":39,"x":0,"y":2},"isFlippedHorizontal":false,"isFlippedVertical":false,"isLocked":false,"isVisible":true,"layerListExpandedType":0,"name":"Oval 5","nameIsFixed":false,"resizingConstraint":63,"resizingType":0,"rotation":0,"shouldBreakMaskChain":false,"booleanOperation":-1,"edited":false,"isClosed":true,"pointRadiusBehaviour":0,"points":[{"_class":"curvePoint","cornerRadius":0,"curveFrom":"{0.77614238858222961, 1}","curveMode":2,"curveTo":"{0.22385761141777039, 1}","hasCurveFrom":true,"hasCurveTo":true,"point":"{0.5, 1}"},{"_class":"curvePoint","cornerRadius":0,"curveFrom":"{1, 0.22385761141777039}","curveMode":2,"curveTo":"{1, 0.77614238858222961}","hasCurveFrom":true,"hasCurveTo":true,"point":"{1, 0.5}"},{"_class":"curvePoint","cornerRadius":0,"curveFrom":"{0.22385761141777039, 0}","curveMode":2,"curveTo":"{0.77614238858222961, 0}","hasCurveFrom":true,"hasCurveTo":true,"point":"{0.5, 0}"},{"_class":"curvePoint","cornerRadius":0,"curveFrom":"{0, 0.77614238858222961}","curveMode":2,"curveTo":"{0, 0.22385761141777039}","hasCurveFrom":true,"hasCurveTo":true,"point":"{0, 0.5}"}]},{"_class":"oval","do_objectID":"4F45067D-A1E3-4FB5-9C7D-E9B568341690","exportOptions":{"_class":"exportOptions","exportFormats":[],"includedLayerIds":[],"layerOptions":0,"shouldTrim":false},"frame":{"_class":"rect","do_objectID":"D82F7964-98FF-4401-83C9-63958F71E6CF","constrainProportions":true,"height":28,"width":28,"x":6,"y":7},"isFlippedHorizontal":false,"isFlippedVertical":false,"isLocked":false,"isVisible":true,"layerListExpandedType":0,"name":"Oval 5","nameIsFixed":false,"resizingConstraint":63,"resizingType":0,"rotation":0,"shouldBreakMaskChain":false,"booleanOperation":1,"edited":false,"isClosed":true,"pointRadiusBehaviour":0,"points":[{"_class":"curvePoint","cornerRadius":0,"curveFrom":"{0.77614238858222961, 1}","curveMode":2,"curveTo":"{0.22385761141777039, 1}","hasCurveFrom":true,"hasCurveTo":true,"point":"{0.5, 1}"},{"_class":"curvePoint","cornerRadius":0,"curveFrom":"{1, 0.22385761141777039}","curveMode":2,"curveTo":"{1, 0.77614238858222961}","hasCurveFrom":true,"hasCurveTo":true,"point":"{1, 0.5}"},{"_class":"curvePoint","cornerRadius":0,"curveFrom":"{0.22385761141777039, 0}","curveMode":2,"curveTo":"{0.77614238858222961, 0}","hasCurveFrom":true,"hasCurveTo":true,"point":"{0.5, 0}"},{"_class":"curvePoint","cornerRadius":0,"curveFrom":"{0, 0.77614238858222961}","curveMode":2,"curveTo":"{0, 0.22385761141777039}","hasCurveFrom":true,"hasCurveTo":true,"point":"{0, 0.5}"}]},{"_class":"rectangle","do_objectID":"233911FC-6CE3-4552-9690-89A0D742C04C","exportOptions":{"_class":"exportOptions","exportFormats":[],"includedLayerIds":[],"layerOptions":0,"shouldTrim":false},"frame":{"_class":"rect","do_objectID":"2A2E96E3-623B-4BBA-853A-538891111D97","constrainProportions":false,"height":44,"width":6,"x":17,"y":-1},"isFlippedHorizontal":false,"isFlippedVertical":false,"isLocked":false,"isVisible":true,"layerListExpandedType":0,"name":"Rectangle","nameIsFixed":false,"resizingConstraint":63,"resizingType":0,"rotation":0,"shouldBreakMaskChain":false,"booleanOperation":1,"edited":false,"isClosed":true,"pointRadiusBehaviour":0,"points":[{"_class":"curvePoint","cornerRadius":0,"curveFrom":"{0, 0}","curveMode":1,"curveTo":"{0, 0}","hasCurveFrom":false,"hasCurveTo":false,"point":"{0, 0}"},{"_class":"curvePoint","cornerRadius":0,"curveFrom":"{0, 1}","curveMode":1,"curveTo":"{0, 1}","hasCurveFrom":false,"hasCurveTo":false,"point":"{0, 1}"},{"_class":"curvePoint","cornerRadius":0,"curveFrom":"{1, 1}","curveMode":1,"curveTo":"{1, 1}","hasCurveFrom":false,"hasCurveTo":false,"point":"{1, 1}"},{"_class":"curvePoint","cornerRadius":0,"curveFrom":"{1, 0}","curveMode":1,"curveTo":"{1, 0}","hasCurveFrom":false,"hasCurveTo":false,"point":"{1, 0}"}],"fixedRadius":0,"hasConvertedToNewRoundCorners":true},{"_class":"shapePath","do_objectID":"E093D5BA-8530-40A0-8DC6-E9DA6B386268","exportOptions":{"_class":"exportOptions","exportFormats":[],"includedLayerIds":[],"layerOptions":0,"shouldTrim":false},"frame":{"_class":"rect","do_objectID":"D916DEC2-F8E6-46C0-A5A6-84497FF9EF78","constrainProportions":false,"height":15,"width":15,"x":22,"y":25},"isFlippedHorizontal":false,"isFlippedVertical":false,"isLocked":false,"isVisible":true,"layerListExpandedType":0,"name":"Oval 5","nameIsFixed":false,"resizingConstraint":63,"resizingType":0,"rotation":90,"shouldBreakMaskChain":false,"booleanOperation":0,"edited":true,"isClosed":true,"pointRadiusBehaviour":0,"points":[{"_class":"curvePoint","cornerRadius":0,"curveFrom":"{0, 1.7763568394002498e-16}","curveMode":1,"curveTo":"{0, 1.7763568394002498e-16}","hasCurveFrom":false,"hasCurveTo":false,"point":"{0, 1.7763568394002498e-16}"},{"_class":"curvePoint","cornerRadius":0,"curveFrom":"{0, 0.99999999999999967}","curveMode":1,"curveTo":"{0, 0.99999999999999967}","hasCurveFrom":false,"hasCurveTo":false,"point":"{0, 0.99999999999999967}"},{"_class":"curvePoint","cornerRadius":0,"curveFrom":"{1, -3.5527136788004996e-16}","curveMode":1,"curveTo":"{1, -3.5527136788004996e-16}","hasCurveFrom":false,"hasCurveTo":false,"point":"{1, -3.5527136788004996e-16}"}]},{"_class":"shapePath","do_objectID":"CBB76E6C-6C39-417A-9742-F5220CAC5886","exportOptions":{"_class":"exportOptions","exportFormats":[],"includedLayerIds":[],"layerOptions":0,"shouldTrim":false},"frame":{"_class":"rect","do_objectID":"736448CB-209F-463A-AF60-8C957653654A","constrainProportions":false,"height":15,"width":15,"x":1,"y":2},"isFlippedHorizontal":false,"isFlippedVertical":false,"isLocked":false,"isVisible":true,"layerListExpandedType":0,"name":"Oval 5","nameIsFixed":false,"resizingConstraint":63,"resizingType":0,"rotation":270,"shouldBreakMaskChain":false,"booleanOperation":0,"edited":true,"isClosed":true,"pointRadiusBehaviour":0,"points":[{"_class":"curvePoint","cornerRadius":0,"curveFrom":"{0, 0}","curveMode":1,"curveTo":"{0, 0}","hasCurveFrom":false,"hasCurveTo":false,"point":"{0, 0}"},{"_class":"curvePoint","cornerRadius":0,"curveFrom":"{6.0613359320779517e-18, 1}","curveMode":1,"curveTo":"{6.0613359320779517e-18, 1}","hasCurveFrom":false,"hasCurveTo":false,"point":"{6.0613359320779517e-18, 1}"},{"_class":"curvePoint","cornerRadius":0,"curveFrom":"{1, 0}","curveMode":1,"curveTo":"{1, 0}","hasCurveFrom":false,"hasCurveTo":false,"point":"{1, 0}"}]}],"clippingMaskMode":0,"hasClippingMask":false,"windingRule":1}]},{"_class":"text","do_objectID":"D728E19C-E8C2-42D3-BA4E-86D6DE2CBEBD","exportOptions":{"_class":"exportOptions","exportFormats":[],"includedLayerIds":[],"layerOptions":0,"shouldTrim":false},"frame":{"_class":"rect","do_objectID":"BD0695BD-4A98-4617-9430-FB634F0F9E3E","constrainProportions":false,"height":45,"width":272,"x":0,"y":0},"isFlippedHorizontal":false,"isFlippedVertical":false,"isLocked":false,"isVisible":true,"layerListExpandedType":0,"name":"Symbols — Usage","nameIsFixed":false,"resizingConstraint":63,"resizingType":0,"rotation":0,"shouldBreakMaskChain":false,"style":{"_class":"style","do_objectID":"E603725B-2BFB-4676-A236-78BA0E2659ED","endDecorationType":0,"miterLimit":10,"sharedObjectID":"76A71AB7-8C64-496A-BC6A-3B34046D39BE","startDecorationType":0,"textStyle":{"_class":"textStyle","encodedAttributes":{"MSAttributedStringFontAttribute":{"_class":"fontDescriptor","attributes":{"name":"AvenirNext-Bold","size":32.72727272727273}},"MSAttributedStringColorAttribute":{"_class":"color","alpha":1,"blue":0.2902374566,"green":0.2901752889,"red":0.2902216315},"paragraphStyle":{"_class":"paragraphStyle","allowsDefaultTighteningForTruncation":0}},"verticalAlignment":0}},"attributedString":{"_class":"attributedString","string":"Symbols — Usage","attributes":[{"_class":"stringAttribute","location":0,"length":15,"attributes":{"MSAttributedStringFontAttribute":{"_class":"fontDescriptor","attributes":{"name":"AvenirNext-Bold","size":32.72727272727273}},"MSAttributedStringColorAttribute":{"_class":"color","alpha":1,"blue":0.2902374566,"green":0.2901752889,"red":0.2902216315},"paragraphStyle":{"_class":"paragraphStyle","allowsDefaultTighteningForTruncation":0}}}]},"automaticallyDrawOnUnderlyingPath":false,"dontSynchroniseWithSymbol":false,"glyphBounds":"{{0, 0}, {272, 45}}","lineSpacingBehaviour":0,"textBehaviour":1},{"_class":"text","do_objectID":"2EA88F91-8BAE-4B11-AE7E-160102994841","exportOptions":{"_class":"exportOptions","exportFormats":[],"includedLayerIds":[],"layerOptions":0,"shouldTrim":false},"frame":{"_class":"rect","do_objectID":"7A5B46C6-7ABA-4AE1-A846-770BEEA11C13","constrainProportions":false,"height":130,"width":864,"x":96,"y":69},"isFlippedHorizontal":false,"isFlippedVertical":false,"isLocked":false,"isVisible":true,"layerListExpandedType":0,"name":"Use the toolbar Symb","nameIsFixed":false,"resizingConstraint":63,"resizingType":0,"rotation":0,"shouldBreakMaskChain":false,"style":{"_class":"style","do_objectID":"B4FA92F4-D84C-4A8D-BB7B-573E876D6288","endDecorationType":0,"miterLimit":10,"startDecorationType":0,"textStyle":{"_class":"textStyle","encodedAttributes":{"MSAttributedStringFontAttribute":{"_class":"fontDescriptor","attributes":{"name":"AvenirNext-Regular","size":21.87755102040816}},"MSAttributedStringColorAttribute":{"_class":"color","alpha":1,"blue":0.2902374566,"green":0.2901752889,"red":0.2902216315},"paragraphStyle":{"_class":"paragraphStyle","alignment":0,"paragraphSpacing":10,"allowsDefaultTighteningForTruncation":0}},"verticalAlignment":0}},"attributedString":{"_class":"attributedString","string":"Use the toolbar Symbols icon to add symbols from the predefined library to your document.\nWe have grouped them for your convenience, so you’ll have no trouble finding the perfect symbol for your design.","attributes":[{"_class":"stringAttribute","location":0,"length":202,"attributes":{"MSAttributedStringFontAttribute":{"_class":"fontDescriptor","attributes":{"name":"AvenirNext-Regular","size":21.87755102040816}},"MSAttributedStringColorAttribute":{"_class":"color","alpha":1,"blue":0.2902374566,"green":0.2901752889,"red":0.2902216315},"paragraphStyle":{"_class":"paragraphStyle","alignment":0,"paragraphSpacing":10,"allowsDefaultTighteningForTruncation":0}}}]},"automaticallyDrawOnUnderlyingPath":false,"dontSynchroniseWithSymbol":false,"glyphBounds":"{{0, 0}, {819, 128}}","lineSpacingBehaviour":0,"textBehaviour":1}]},{"_class":"group","do_objectID":"9B74ED43-AC14-4EA9-8FE5-A71CE4A6CA6F","exportOptions":{"_class":"exportOptions","exportFormats":[],"includedLayerIds":[],"layerOptions":0,"shouldTrim":false},"frame":{"_class":"rect","do_objectID":"6760431E-92CF-4DCE-AE06-DB57D71F98FA","constrainProportions":false,"height":213,"width":960,"x":0,"y":691},"isFlippedHorizontal":false,"isFlippedVertical":false,"isLocked":false,"isVisible":true,"layerListExpandedType":0,"name":"Styled Text Icon + Text Styles — Usage + Use the toolbar Styl","nameIsFixed":false,"resizingConstraint":63,"resizingType":0,"rotation":0,"shouldBreakMaskChain":false,"style":{"_class":"style","do_objectID":"FE7E1843-E45B-436D-A318-000A9882DD4E","endDecorationType":0,"miterLimit":10,"startDecorationType":0},"hasClickThrough":false,"layers":[{"_class":"group","do_objectID":"FCFF6754-62A7-4AAE-80CE-1326C8D450A6","exportOptions":{"_class":"exportOptions","exportFormats":[],"includedLayerIds":[],"layerOptions":0,"shouldTrim":false},"frame":{"_class":"rect","do_objectID":"9256759D-27DA-4ACA-A7D6-E73AC93228ED","constrainProportions":false,"height":66,"width":66,"x":0,"y":63},"isFlippedHorizontal":false,"isFlippedVertical":false,"isLocked":false,"isVisible":true,"layerListExpandedType":0,"name":"Styled Text Icon","nameIsFixed":true,"resizingConstraint":63,"resizingType":0,"rotation":0,"shouldBreakMaskChain":false,"style":{"_class":"style","do_objectID":"901A71F4-3BDF-40F7-BF42-B44B8145C389","blur":{"_class":"blur","isEnabled":false,"center":"{0.5, 0.5}","motionAngle":0,"radius":20,"type":0},"endDecorationType":0,"miterLimit":10,"startDecorationType":0},"hasClickThrough":false,"layers":[{"_class":"shapeGroup","do_objectID":"80044F34-B52E-4771-AE36-F9FA452D01FC","exportOptions":{"_class":"exportOptions","exportFormats":[],"includedLayerIds":[],"layerOptions":0,"shouldTrim":false},"frame":{"_class":"rect","do_objectID":"196DE5CB-E28B-476F-B668-5171AD3F307C","constrainProportions":false,"height":66,"width":66,"x":0,"y":0},"isFlippedHorizontal":false,"isFlippedVertical":false,"isLocked":false,"isVisible":true,"layerListExpandedType":0,"name":"Rectangle 524","nameIsFixed":false,"resizingConstraint":63,"resizingType":0,"rotation":0,"shouldBreakMaskChain":false,"style":{"_class":"style","do_objectID":"D9C0A9CF-128F-4DE0-AB9C-0F0FA6A8DFB6","blur":{"_class":"blur","isEnabled":false,"center":"{0.5, 0.5}","motionAngle":0,"radius":26.66666666666666,"type":0},"borders":[{"_class":"border","isEnabled":true,"color":{"_class":"color","alpha":1,"blue":0.4117647058823529,"green":0.2941176470588236,"red":0.3764705882352941},"fillType":0,"gradient":{"_class":"gradient","elipseLength":1,"from":"{0.5, 0}","gradientType":0,"stops":[{"_class":"gradientStop","color":{"_class":"color","alpha":1,"blue":0.5176470588235295,"green":0.3725490196078432,"red":0.4745098039215687},"position":0},{"_class":"gradientStop","color":{"_class":"color","alpha":1,"blue":0.5568627450980392,"green":0.2901960784313725,"red":0.4392156862745098},"position":1}],"to":"{0.5, 1}"},"position":1,"thickness":2},{"_class":"border","isEnabled":true,"color":{"_class":"color","alpha":1,"blue":0.5254901960784314,"green":0.3803921568627451,"red":0.4784313725490196},"fillType":0,"position":1,"thickness":1}],"endDecorationType":0,"fills":[{"_class":"fill","isEnabled":true,"color":{"_class":"color","alpha":1,"blue":0.847,"green":0.847,"red":0.847},"fillType":1,"gradient":{"_class":"gradient","elipseLength":1,"from":"{0.5, 0}","gradientType":0,"stops":[{"_class":"gradientStop","color":{"_class":"color","alpha":1,"blue":0.8705882352941177,"green":0.4941176470588236,"red":0.8823529411764706},"position":0},{"_class":"gradientStop","color":{"_class":"color","alpha":1,"blue":0.9490196078431372,"green":0.4666666666666667,"red":0.784313725490196},"position":1}],"to":"{0.5, 1}"},"noiseIndex":0,"noiseIntensity":0,"patternFillType":0,"patternTileScale":1}],"innerShadows":[{"_class":"innerShadow","isEnabled":true,"blurRadius":0,"color":{"_class":"color","alpha":0.25,"blue":1,"green":1,"red":1},"contextSettings":{"_class":"graphicsContextSettings","blendMode":0,"opacity":1},"offsetX":0,"offsetY":3,"spread":0}],"miterLimit":10,"shadows":[{"_class":"shadow","isEnabled":true,"blurRadius":0,"color":{"_class":"color","alpha":0.2,"blue":1,"green":1,"red":1},"contextSettings":{"_class":"graphicsContextSettings","blendMode":0,"opacity":1},"offsetX":0,"offsetY":2,"spread":0},{"_class":"shadow","isEnabled":true,"blurRadius":0,"color":{"_class":"color","alpha":0.2,"blue":1,"green":1,"red":1},"contextSettings":{"_class":"graphicsContextSettings","blendMode":0,"opacity":1},"offsetX":0,"offsetY":1,"spread":0}],"startDecorationType":0},"hasClickThrough":false,"layers":[{"_class":"rectangle","do_objectID":"816EEC7C-4F0F-4B0B-BFC3-751F22C6910D","exportOptions":{"_class":"exportOptions","exportFormats":[],"includedLayerIds":[],"layerOptions":0,"shouldTrim":false},"frame":{"_class":"rect","do_objectID":"1819ACCD-117D-4779-84BB-7A5EA49FD1E6","constrainProportions":false,"height":66,"width":66,"x":0,"y":0},"isFlippedHorizontal":false,"isFlippedVertical":false,"isLocked":false,"isVisible":true,"layerListExpandedType":0,"name":"Path","nameIsFixed":false,"resizingConstraint":63,"resizingType":0,"rotation":0,"shouldBreakMaskChain":false,"booleanOperation":-1,"edited":false,"isClosed":true,"pointRadiusBehaviour":0,"points":[{"_class":"curvePoint","do_objectID":"6CBBD8CA-045E-4B3E-AC6F-011DBC25FD71","cornerRadius":12,"curveFrom":"{0, 0}","curveMode":1,"curveTo":"{0, 0}","hasCurveFrom":false,"hasCurveTo":false,"point":"{0, 0}"},{"_class":"curvePoint","do_objectID":"8C758E9D-B7C9-4E56-898E-31D39A856BC3","cornerRadius":12,"curveFrom":"{0, 1}","curveMode":1,"curveTo":"{0, 1}","hasCurveFrom":false,"hasCurveTo":false,"point":"{0, 1}"},{"_class":"curvePoint","do_objectID":"85A2AA69-1F47-4281-90A3-D13A3863C115","cornerRadius":12,"curveFrom":"{1, 1}","curveMode":1,"curveTo":"{1, 1}","hasCurveFrom":false,"hasCurveTo":false,"point":"{1, 1}"},{"_class":"curvePoint","do_objectID":"06EABDC1-6745-491E-8E51-649F03FDF9F2","cornerRadius":12,"curveFrom":"{1, 0}","curveMode":1,"curveTo":"{1, 0}","hasCurveFrom":false,"hasCurveTo":false,"point":"{1, 0}"}],"fixedRadius":12,"hasConvertedToNewRoundCorners":true}],"clippingMaskMode":0,"hasClippingMask":false,"windingRule":1},{"_class":"shapeGroup","do_objectID":"52931E2D-D7D3-412E-A138-EDE795277C1E","exportOptions":{"_class":"exportOptions","exportFormats":[],"includedLayerIds":[],"layerOptions":0,"shouldTrim":false},"frame":{"_class":"rect","do_objectID":"88A6D23D-C76D-4E14-A129-D72D9883801B","constrainProportions":false,"height":33,"width":33,"x":17,"y":17},"isFlippedHorizontal":false,"isFlippedVertical":false,"isLocked":false,"isVisible":true,"layerListExpandedType":0,"name":"Rectangle 697","nameIsFixed":false,"resizingConstraint":63,"resizingType":0,"rotation":0,"shouldBreakMaskChain":false,"style":{"_class":"style","do_objectID":"6B27E8F5-2A0B-44F8-8C05-861EA75BC701","blur":{"_class":"blur","isEnabled":false,"center":"{0.5, 0.5}","motionAngle":0,"radius":26.66666666666666,"type":0},"borders":[{"_class":"border","isEnabled":true,"color":{"_class":"color","alpha":0.2045323988970588,"blue":0,"green":0,"red":0},"fillType":0,"position":2,"thickness":1}],"endDecorationType":0,"fills":[{"_class":"fill","isEnabled":true,"color":{"_class":"color","alpha":1,"blue":1,"green":1,"red":1},"fillType":0,"noiseIndex":0,"noiseIntensity":0,"patternFillType":0,"patternTileScale":1}],"miterLimit":10,"startDecorationType":0},"hasClickThrough":false,"layers":[{"_class":"rectangle","do_objectID":"A76EFD1F-A741-4C00-ADE4-5E2B701DF2E9","exportOptions":{"_class":"exportOptions","exportFormats":[],"includedLayerIds":[],"layerOptions":0,"shouldTrim":false},"frame":{"_class":"rect","do_objectID":"25BD5A88-5FD4-485A-AB9E-1F8AF748FF81","constrainProportions":false,"height":28,"width":6,"x":14,"y":6},"isFlippedHorizontal":false,"isFlippedVertical":false,"isLocked":false,"isVisible":true,"layerListExpandedType":0,"name":"Rectangle 697","nameIsFixed":false,"resizingConstraint":63,"resizingType":0,"rotation":0,"shouldBreakMaskChain":false,"booleanOperation":-1,"edited":false,"isClosed":true,"pointRadiusBehaviour":0,"points":[{"_class":"curvePoint","cornerRadius":0,"curveFrom":"{0, 0}","curveMode":1,"curveTo":"{0, 0}","hasCurveFrom":false,"hasCurveTo":false,"point":"{0, 0}"},{"_class":"curvePoint","cornerRadius":0,"curveFrom":"{0, 1}","curveMode":1,"curveTo":"{0, 1}","hasCurveFrom":false,"hasCurveTo":false,"point":"{0, 1}"},{"_class":"curvePoint","cornerRadius":0,"curveFrom":"{1, 1}","curveMode":1,"curveTo":"{1, 1}","hasCurveFrom":false,"hasCurveTo":false,"point":"{1, 1}"},{"_class":"curvePoint","cornerRadius":0,"curveFrom":"{1, 0}","curveMode":1,"curveTo":"{1, 0}","hasCurveFrom":false,"hasCurveTo":false,"point":"{1, 0}"}],"fixedRadius":0,"hasConvertedToNewRoundCorners":true},{"_class":"rectangle","do_objectID":"C17BB634-DDBB-4A95-816A-EC184FBE9CE5","exportOptions":{"_class":"exportOptions","exportFormats":[],"includedLayerIds":[],"layerOptions":0,"shouldTrim":false},"frame":{"_class":"rect","do_objectID":"05934AB7-B3A7-445A-A726-63CCA2DEBCA7","constrainProportions":false,"height":6,"width":33,"x":0,"y":0},"isFlippedHorizontal":false,"isFlippedVertical":false,"isLocked":false,"isVisible":true,"layerListExpandedType":0,"name":"Rectangle 696","nameIsFixed":false,"resizingConstraint":63,"resizingType":0,"rotation":0,"shouldBreakMaskChain":false,"booleanOperation":0,"edited":true,"isClosed":true,"pointRadiusBehaviour":0,"points":[{"_class":"curvePoint","cornerRadius":0,"curveFrom":"{0, 0}","curveMode":1,"curveTo":"{0, 0}","hasCurveFrom":false,"hasCurveTo":false,"point":"{0, 0}"},{"_class":"curvePoint","cornerRadius":0,"curveFrom":"{0, 1}","curveMode":1,"curveTo":"{0, 1}","hasCurveFrom":false,"hasCurveTo":false,"point":"{0, 1}"},{"_class":"curvePoint","cornerRadius":0,"curveFrom":"{1, 1}","curveMode":1,"curveTo":"{1, 1}","hasCurveFrom":false,"hasCurveTo":false,"point":"{1, 1}"},{"_class":"curvePoint","cornerRadius":0,"curveFrom":"{1, 0}","curveMode":1,"curveTo":"{1, 0}","hasCurveFrom":false,"hasCurveTo":false,"point":"{1, 0}"}],"fixedRadius":0,"hasConvertedToNewRoundCorners":true}],"clippingMaskMode":0,"hasClippingMask":false,"windingRule":1}]},{"_class":"text","do_objectID":"25C5525D-CCFE-4353-A46B-CC282F106AE4","exportOptions":{"_class":"exportOptions","exportFormats":[],"includedLayerIds":[],"layerOptions":0,"shouldTrim":false},"frame":{"_class":"rect","do_objectID":"31B1EA7F-4010-4D40-A505-82866D581009","constrainProportions":false,"height":45,"width":307,"x":0,"y":0},"isFlippedHorizontal":false,"isFlippedVertical":false,"isLocked":false,"isVisible":true,"layerListExpandedType":0,"name":"Text Styles — Usage","nameIsFixed":false,"resizingConstraint":63,"resizingType":0,"rotation":0,"shouldBreakMaskChain":false,"style":{"_class":"style","do_objectID":"8D80C13A-CB41-466D-A1AA-EE2F41881FB6","endDecorationType":0,"miterLimit":10,"startDecorationType":0,"textStyle":{"_class":"textStyle","encodedAttributes":{"MSAttributedStringFontAttribute":{"_class":"fontDescriptor","attributes":{"name":"AvenirNext-Bold","size":32.72727272727273}},"MSAttributedStringColorAttribute":{"_class":"color","alpha":1,"blue":0.2902374566,"green":0.2901752889,"red":0.2902216315},"paragraphStyle":{"_class":"paragraphStyle","allowsDefaultTighteningForTruncation":0}},"verticalAlignment":0}},"attributedString":{"_class":"attributedString","string":"Text Styles — Usage","attributes":[{"_class":"stringAttribute","location":0,"length":19,"attributes":{"MSAttributedStringFontAttribute":{"_class":"fontDescriptor","attributes":{"name":"AvenirNext-Bold","size":32.72727272727273}},"MSAttributedStringColorAttribute":{"_class":"color","alpha":1,"blue":0.2902374566,"green":0.2901752889,"red":0.2902216315},"paragraphStyle":{"_class":"paragraphStyle","allowsDefaultTighteningForTruncation":0}}}]},"automaticallyDrawOnUnderlyingPath":false,"dontSynchroniseWithSymbol":false,"glyphBounds":"{{0, 0}, {307, 45}}","lineSpacingBehaviour":0,"textBehaviour":1},{"_class":"text","do_objectID":"DA94DE8D-625D-44DD-BBEF-8F192316B4DB","exportOptions":{"_class":"exportOptions","exportFormats":[],"includedLayerIds":[],"layerOptions":0,"shouldTrim":false},"frame":{"_class":"rect","do_objectID":"4746B13C-F170-4DC3-AED6-6F5788F5B5A6","constrainProportions":false,"height":145,"width":864,"x":96,"y":68},"isFlippedHorizontal":false,"isFlippedVertical":false,"isLocked":false,"isVisible":true,"layerListExpandedType":0,"name":"Use the toolbar Styl","nameIsFixed":false,"resizingConstraint":63,"resizingType":0,"rotation":0,"shouldBreakMaskChain":false,"style":{"_class":"style","do_objectID":"805B69BE-DABB-4CA0-9664-F0E0FCAC5875","endDecorationType":0,"miterLimit":10,"startDecorationType":0,"textStyle":{"_class":"textStyle","encodedAttributes":{"MSAttributedStringFontAttribute":{"_class":"fontDescriptor","attributes":{"name":"AvenirNext-Regular","size":20}},"MSAttributedStringColorAttribute":{"_class":"color","alpha":1,"blue":0.2901960784,"green":0.2901960784,"red":0.2901960784},"paragraphStyle":{"_class":"paragraphStyle","alignment":0,"paragraphSpacing":10,"tabStops":[{"_class":"textTab","alignment":0,"location":28,"options":{}},{"_class":"textTab","alignment":0,"location":56,"options":{}},{"_class":"textTab","alignment":0,"location":84,"options":{}},{"_class":"textTab","alignment":0,"location":112,"options":{}},{"_class":"textTab","alignment":0,"location":140,"options":{}},{"_class":"textTab","alignment":0,"location":168,"options":{}},{"_class":"textTab","alignment":0,"location":196,"options":{}},{"_class":"textTab","alignment":0,"location":224,"options":{}},{"_class":"textTab","alignment":0,"location":252,"options":{}},{"_class":"textTab","alignment":0,"location":280,"options":{}},{"_class":"textTab","alignment":0,"location":308,"options":{}},{"_class":"textTab","alignment":0,"location":336,"options":{}}],"allowsDefaultTighteningForTruncation":0}},"verticalAlignment":0}},"attributedString":{"_class":"attributedString","string":"Use the toolbar Styled Text icon to add styled text layers  from the predefined library to your document.\nTo update text layers that are using a shared text style, simply click the sync arrows that appear to the right of the style’s name in the Inspector. To reset unsynced changes, hold down the Option key and click on the reset arrow that appears in its place.","attributes":[{"_class":"stringAttribute","location":0,"length":363,"attributes":{"MSAttributedStringFontAttribute":{"_class":"fontDescriptor","attributes":{"name":"AvenirNext-Regular","size":20}},"MSAttributedStringColorAttribute":{"_class":"color","alpha":1,"blue":0.2901960784,"green":0.2901960784,"red":0.2901960784},"paragraphStyle":{"_class":"paragraphStyle","alignment":0,"paragraphSpacing":10,"tabStops":[{"_class":"textTab","alignment":0,"location":28,"options":{}},{"_class":"textTab","alignment":0,"location":56,"options":{}},{"_class":"textTab","alignment":0,"location":84,"options":{}},{"_class":"textTab","alignment":0,"location":112,"options":{}},{"_class":"textTab","alignment":0,"location":140,"options":{}},{"_class":"textTab","alignment":0,"location":168,"options":{}},{"_class":"textTab","alignment":0,"location":196,"options":{}},{"_class":"textTab","alignment":0,"location":224,"options":{}},{"_class":"textTab","alignment":0,"location":252,"options":{}},{"_class":"textTab","alignment":0,"location":280,"options":{}},{"_class":"textTab","alignment":0,"location":308,"options":{}},{"_class":"textTab","alignment":0,"location":336,"options":{}}],"allowsDefaultTighteningForTruncation":0}}}]},"automaticallyDrawOnUnderlyingPath":false,"dontSynchroniseWithSymbol":false,"glyphBounds":"{{0, 0}, {855, 143}}","lineSpacingBehaviour":0,"textBehaviour":1}]},{"_class":"group","do_objectID":"3A24F964-F7EF-4A19-853F-314CAD0128AD","exportOptions":{"_class":"exportOptions","exportFormats":[],"includedLayerIds":[],"layerOptions":0,"shouldTrim":false},"frame":{"_class":"rect","do_objectID":"B311398A-32DD-4B88-92DD-B37383CBC625","constrainProportions":false,"height":176,"width":864,"x":0,"y":184},"isFlippedHorizontal":false,"isFlippedVertical":false,"isLocked":false,"isVisible":true,"layerListExpandedType":0,"name":"Document Structure + The document + List","nameIsFixed":false,"resizingConstraint":63,"resizingType":0,"rotation":0,"shouldBreakMaskChain":false,"style":{"_class":"style","do_objectID":"39F94D58-E80A-407C-B893-F332F8F7D333","endDecorationType":0,"miterLimit":10,"startDecorationType":0},"hasClickThrough":false,"layers":[{"_class":"text","do_objectID":"2D24B7C3-CD58-449E-BB4D-4669E3E9A5E1","exportOptions":{"_class":"exportOptions","exportFormats":[],"includedLayerIds":[],"layerOptions":0,"shouldTrim":false},"frame":{"_class":"rect","do_objectID":"C0D7EAA6-28B6-4591-94DE-A2F688642B39","constrainProportions":false,"height":45,"width":320,"x":0,"y":0},"isFlippedHorizontal":false,"isFlippedVertical":false,"isLocked":false,"isVisible":true,"layerListExpandedType":0,"name":"Document Structure","nameIsFixed":false,"resizingConstraint":63,"resizingType":0,"rotation":0,"shouldBreakMaskChain":false,"style":{"_class":"style","do_objectID":"688649E5-0ABD-44B4-84F8-305BC4895C00","endDecorationType":0,"miterLimit":10,"startDecorationType":0,"textStyle":{"_class":"textStyle","encodedAttributes":{"MSAttributedStringFontAttribute":{"_class":"fontDescriptor","attributes":{"name":"AvenirNext-Bold","size":32.72727272727273}},"MSAttributedStringColorAttribute":{"_class":"color","alpha":1,"blue":0.2902374566,"green":0.2901752889,"red":0.2902216315},"paragraphStyle":{"_class":"paragraphStyle","allowsDefaultTighteningForTruncation":0}},"verticalAlignment":0}},"attributedString":{"_class":"attributedString","string":"Document Structure","attributes":[{"_class":"stringAttribute","location":0,"length":18,"attributes":{"MSAttributedStringFontAttribute":{"_class":"fontDescriptor","attributes":{"name":"AvenirNext-Bold","size":32.72727272727273}},"MSAttributedStringColorAttribute":{"_class":"color","alpha":1,"blue":0.2902374566,"green":0.2901752889,"red":0.2902216315},"paragraphStyle":{"_class":"paragraphStyle","allowsDefaultTighteningForTruncation":0}}}]},"automaticallyDrawOnUnderlyingPath":false,"dontSynchroniseWithSymbol":false,"glyphBounds":"{{0, 0}, {320, 45}}","lineSpacingBehaviour":0,"textBehaviour":1},{"_class":"text","do_objectID":"B15AA68C-E42D-4FCC-ACE8-294FDB320D1D","exportOptions":{"_class":"exportOptions","exportFormats":[],"includedLayerIds":[],"layerOptions":0,"shouldTrim":false},"frame":{"_class":"rect","do_objectID":"C7FD624E-87E4-414A-B01A-F853DB73130B","constrainProportions":false,"height":110,"width":864,"x":0,"y":66},"isFlippedHorizontal":false,"isFlippedVertical":false,"isLocked":false,"isVisible":true,"layerListExpandedType":0,"name":"The document","nameIsFixed":true,"resizingConstraint":63,"resizingType":0,"rotation":0,"shouldBreakMaskChain":false,"style":{"_class":"style","do_objectID":"824C9F5D-1B07-4B96-9C16-4CDF4F458727","endDecorationType":0,"miterLimit":10,"sharedObjectID":"22F1B4ED-85B5-4147-AFB0-8B62DD8923AF","startDecorationType":0,"textStyle":{"_class":"textStyle","encodedAttributes":{"MSAttributedStringFontAttribute":{"_class":"fontDescriptor","attributes":{"name":"AvenirNext-Regular","size":21.95348837209302}},"MSAttributedStringColorAttribute":{"_class":"color","alpha":1,"blue":0.2902374566,"green":0.2901752889,"red":0.2902216315},"paragraphStyle":{"_class":"paragraphStyle","alignment":0,"paragraphSpacing":10,"allowsDefaultTighteningForTruncation":0}},"verticalAlignment":0}},"attributedString":{"_class":"attributedString","string":"The document has 2 pages, as follows:\n1.\tWelcome page (this one), with some default artboards for Responsive Web Design\n2.\tA collection of all symbols available in the document","attributes":[{"_class":"stringAttribute","location":0,"length":176,"attributes":{"MSAttributedStringFontAttribute":{"_class":"fontDescriptor","attributes":{"name":"AvenirNext-Regular","size":21.95348837209302}},"MSAttributedStringColorAttribute":{"_class":"color","alpha":1,"blue":0.2902374566,"green":0.2901752889,"red":0.2902216315},"paragraphStyle":{"_class":"paragraphStyle","alignment":0,"paragraphSpacing":10,"allowsDefaultTighteningForTruncation":0}}}]},"automaticallyDrawOnUnderlyingPath":false,"dontSynchroniseWithSymbol":false,"glyphBounds":"{{0, 0}, {849, 108}}","lineSpacingBehaviour":0,"textBehaviour":1}]}]}],"backgroundColor":{"_class":"color","alpha":1,"blue":1,"green":1,"red":1},"grid":{"_class":"simpleGrid","isEnabled":false,"gridSize":20,"thickGridTimes":10},"hasBackgroundColor":false,"horizontalRulerData":{"_class":"rulerData","base":0,"guides":[]},"includeBackgroundColorInExport":true,"includeInCloudUpload":true,"isFlowHome":false,"presetDictionary":{"allowResizedMatching":0,"offersLandscapeVariant":0,"width":1440,"height":1024,"name":"Desktop HD"},"resizesContent":false,"verticalRulerData":{"_class":"rulerData","base":0,"guides":[]}},{"_class":"artboard","do_objectID":"18BCDB12-25D5-4772-8CA6-5ACF8307AE3C","exportOptions":{"_class":"exportOptions","exportFormats":[],"includedLayerIds":[],"layerOptions":0,"shouldTrim":false},"frame":{"_class":"rect","constrainProportions":false,"height":1024,"width":1024,"x":2426,"y":186},"isFlippedHorizontal":false,"isFlippedVertical":false,"isLocked":false,"isVisible":true,"layerListExpandedType":0,"name":"Desktop","nameIsFixed":false,"resizingConstraint":63,"resizingType":0,"rotation":0,"shouldBreakMaskChain":true,"style":{"_class":"style","endDecorationType":0,"miterLimit":10,"startDecorationType":0},"hasClickThrough":false,"layers":[],"backgroundColor":{"_class":"color","alpha":1,"blue":1,"green":1,"red":1},"grid":{"_class":"simpleGrid","isEnabled":false,"gridSize":20,"thickGridTimes":10},"hasBackgroundColor":false,"horizontalRulerData":{"_class":"rulerData","base":0,"guides":[]},"includeBackgroundColorInExport":true,"includeInCloudUpload":true,"isFlowHome":false,"presetDictionary":{"allowResizedMatching":0,"offersLandscapeVariant":0,"width":1024,"height":1024,"name":"Desktop"},"resizesContent":false,"verticalRulerData":{"_class":"rulerData","base":0,"guides":[]}},{"_class":"artboard","do_objectID":"91380A63-ABB9-4F72-A5EC-A05FEE5E4E1E","exportOptions":{"_class":"exportOptions","exportFormats":[],"includedLayerIds":[],"layerOptions":0,"shouldTrim":false},"frame":{"_class":"rect","constrainProportions":false,"height":1024,"width":768,"x":3550,"y":186},"isFlippedHorizontal":false,"isFlippedVertical":false,"isLocked":false,"isVisible":true,"layerListExpandedType":0,"name":"Tablet Portrait","nameIsFixed":false,"resizingConstraint":63,"resizingType":0,"rotation":0,"shouldBreakMaskChain":true,"style":{"_class":"style","endDecorationType":0,"miterLimit":10,"startDecorationType":0},"hasClickThrough":false,"layers":[],"backgroundColor":{"_class":"color","alpha":1,"blue":1,"green":1,"red":1},"grid":{"_class":"simpleGrid","isEnabled":false,"gridSize":20,"thickGridTimes":10},"hasBackgroundColor":false,"horizontalRulerData":{"_class":"rulerData","base":0,"guides":[]},"includeBackgroundColorInExport":true,"includeInCloudUpload":true,"isFlowHome":false,"presetDictionary":{"allowResizedMatching":0,"offersLandscapeVariant":1,"width":768,"height":1024,"name":"iPad"},"resizesContent":false,"verticalRulerData":{"_class":"rulerData","base":0,"guides":[]}},{"_class":"artboard","do_objectID":"597A7F9B-FCE5-4E82-9AFD-5D0C92880A2B","exportOptions":{"_class":"exportOptions","exportFormats":[],"includedLayerIds":[],"layerOptions":0,"shouldTrim":false},"frame":{"_class":"rect","constrainProportions":false,"height":1024,"width":320,"x":4418,"y":186},"isFlippedHorizontal":false,"isFlippedVertical":false,"isLocked":false,"isVisible":true,"layerListExpandedType":0,"name":"Mobile Portrait","nameIsFixed":false,"resizingConstraint":63,"resizingType":0,"rotation":0,"shouldBreakMaskChain":true,"style":{"_class":"style","endDecorationType":0,"miterLimit":10,"startDecorationType":0},"hasClickThrough":false,"layers":[],"backgroundColor":{"_class":"color","alpha":1,"blue":1,"green":1,"red":1},"grid":{"_class":"simpleGrid","isEnabled":false,"gridSize":20,"thickGridTimes":10},"hasBackgroundColor":false,"horizontalRulerData":{"_class":"rulerData","base":0,"guides":[]},"includeBackgroundColorInExport":true,"includeInCloudUpload":true,"isFlowHome":false,"presetDictionary":{"allowResizedMatching":0,"offersLandscapeVariant":1,"width":320,"height":1024,"name":"Mobile"},"resizesContent":false,"verticalRulerData":{"_class":"rulerData","base":0,"guides":[]}}],"grid":{"_class":"simpleGrid","isEnabled":false,"gridSize":20,"thickGridTimes":10},"horizontalRulerData":{"_class":"rulerData","do_objectID":"A26A1FD8-0F13-44D7-BAEA-300BE91C5EC4","base":-311,"guides":[]},"includeInCloudUpload":true,"verticalRulerData":{"_class":"rulerData","do_objectID":"46819AEA-3602-4B2B-A75E-D8C15659A403","base":-189,"guides":[]}}