{"_class":"page","do_objectID":"A5F9C7C0-DB17-4286-9326-D43B025374D0","exportOptions":{"_class":"exportOptions","exportFormats":[],"includedLayerIds":[],"layerOptions":0,"shouldTrim":false},"frame":{"_class":"rect","constrainProportions":false,"height":300,"width":300,"x":0,"y":0},"isFlippedHorizontal":false,"isFlippedVertical":false,"isLocked":false,"isVisible":true,"layerListExpandedType":0,"name":"Symbols","nameIsFixed":false,"resizingConstraint":0,"resizingType":0,"rotation":0,"shouldBreakMaskChain":false,"style":{"_class":"style","endDecorationType":0,"miterLimit":10,"startDecorationType":0},"hasClickThrough":true,"layers":[{"_class":"artboard","do_objectID":"4C6E3031-D406-43C9-AA5D-59FC28004816","exportOptions":{"_class":"exportOptions","exportFormats":[],"includedLayerIds":[],"layerOptions":0,"shouldTrim":false},"frame":{"_class":"rect","do_objectID":"118E137C-EB8E-4675-9F0F-6043641C02F0","constrainProportions":false,"height":1024,"width":1440,"x":2898,"y":-552},"isFlippedHorizontal":false,"isFlippedVertical":false,"isLocked":false,"isVisible":true,"layerListExpandedType":0,"name":"Notes","nameIsFixed":true,"resizingConstraint":63,"resizingType":0,"rotation":0,"shouldBreakMaskChain":true,"style":{"_class":"style","do_objectID":"F166082F-FD60-497F-8C21-8040BBF0E890","endDecorationType":0,"miterLimit":10,"startDecorationType":0},"hasClickThrough":true,"layers":[{"_class":"symbolInstance","do_objectID":"02BF263D-C33A-4C15-A84A-F627D59B1FFB","exportOptions":{"_class":"exportOptions","exportFormats":[],"includedLayerIds":[],"layerOptions":0,"shouldTrim":false},"frame":{"_class":"rect","constrainProportions":false,"height":50,"width":50,"x":149,"y":148},"isFlippedHorizontal":false,"isFlippedVertical":false,"isLocked":false,"isVisible":true,"layerListExpandedType":0,"name":"Notes \/ Callout \/ SW","nameIsFixed":false,"resizingConstraint":63,"resizingType":0,"rotation":0,"shouldBreakMaskChain":false,"style":{"_class":"style","endDecorationType":0,"miterLimit":10,"startDecorationType":0},"horizontalSpacing":0,"overrideValues":[],"scale":0,"symbolID":"85DBCD70-4C49-4912-AC54-AECA93DA7AF5","verticalSpacing":0},{"_class":"symbolInstance","do_objectID":"6CCA15D1-9D7D-430F-B264-2CC74271655C","exportOptions":{"_class":"exportOptions","exportFormats":[],"includedLayerIds":[],"layerOptions":0,"shouldTrim":false},"frame":{"_class":"rect","constrainProportions":false,"height":50,"width":50,"x":149,"y":78},"isFlippedHorizontal":false,"isFlippedVertical":false,"isLocked":false,"isVisible":true,"layerListExpandedType":0,"name":"Notes \/ Callout NW","nameIsFixed":false,"resizingConstraint":63,"resizingType":0,"rotation":0,"shouldBreakMaskChain":false,"style":{"_class":"style","endDecorationType":0,"miterLimit":10,"startDecorationType":0},"horizontalSpacing":0,"overrideValues":[],"scale":0,"symbolID":"159D77F4-5928-455E-B40C-8D3742B5B0FF","verticalSpacing":0},{"_class":"symbolInstance","do_objectID":"B51E2531-B446-4FCD-AB42-B79ED3DB0862","exportOptions":{"_class":"exportOptions","exportFormats":[],"includedLayerIds":[],"layerOptions":0,"shouldTrim":false},"frame":{"_class":"rect","constrainProportions":false,"height":50,"width":50,"x":59,"y":112},"isFlippedHorizontal":false,"isFlippedVertical":false,"isLocked":false,"isVisible":true,"layerListExpandedType":0,"name":"Notes \/ Callout","nameIsFixed":false,"resizingConstraint":63,"resizingType":0,"rotation":0,"shouldBreakMaskChain":false,"style":{"_class":"style","endDecorationType":0,"miterLimit":10,"startDecorationType":0},"horizontalSpacing":0,"overrideValues":[],"scale":0,"symbolID":"A10B27EF-9ED3-4890-8732-48D517F5BBE9","verticalSpacing":0},{"_class":"symbolInstance","do_objectID":"ACAC7A67-BCAC-4785-A536-809E3516F7E1","exportOptions":{"_class":"exportOptions","exportFormats":[],"includedLayerIds":[],"layerOptions":0,"shouldTrim":false},"frame":{"_class":"rect","constrainProportions":false,"height":50,"width":50,"x":219,"y":148},"isFlippedHorizontal":false,"isFlippedVertical":false,"isLocked":false,"isVisible":true,"layerListExpandedType":0,"name":"Notes \/ Callout SE","nameIsFixed":false,"resizingConstraint":63,"resizingType":0,"rotation":0,"shouldBreakMaskChain":false,"style":{"_class":"style","endDecorationType":0,"miterLimit":10,"startDecorationType":0},"horizontalSpacing":0,"overrideValues":[],"scale":0,"symbolID":"80F0CCC2-B8F7-40DE-8DFA-8D4316D3FF61","verticalSpacing":0},{"_class":"symbolInstance","do_objectID":"B4BEB11D-534D-4C59-8066-96EA40CCC7CC","exportOptions":{"_class":"exportOptions","exportFormats":[],"includedLayerIds":[],"layerOptions":0,"shouldTrim":false},"frame":{"_class":"rect","constrainProportions":false,"height":60,"width":50,"x":412,"y":54},"isFlippedHorizontal":false,"isFlippedVertical":false,"isLocked":false,"isVisible":true,"layerListExpandedType":0,"name":"Notes \/ Callout N","nameIsFixed":false,"resizingConstraint":63,"resizingType":0,"rotation":0,"shouldBreakMaskChain":false,"style":{"_class":"style","endDecorationType":0,"miterLimit":10,"startDecorationType":0},"horizontalSpacing":0,"overrideValues":[],"scale":0,"symbolID":"9C3E1EEA-F192-402E-AC15-77CD13C7D7F8","verticalSpacing":0},{"_class":"symbolInstance","do_objectID":"EA8A1A9E-285C-44F0-9455-6CA948F49DF7","exportOptions":{"_class":"exportOptions","exportFormats":[],"includedLayerIds":[],"layerOptions":0,"shouldTrim":false},"frame":{"_class":"rect","constrainProportions":false,"height":60,"width":50,"x":412,"y":154},"isFlippedHorizontal":false,"isFlippedVertical":false,"isLocked":false,"isVisible":true,"layerListExpandedType":0,"name":"Notes \/ Callout S","nameIsFixed":false,"resizingConstraint":63,"resizingType":0,"rotation":0,"shouldBreakMaskChain":false,"style":{"_class":"style","endDecorationType":0,"miterLimit":10,"startDecorationType":0},"horizontalSpacing":0,"overrideValues":[],"scale":0,"symbolID":"DB552C93-79DF-435E-98CB-CBA41F3F4EE5","verticalSpacing":0},{"_class":"symbolInstance","do_objectID":"C59F63E6-CC34-4786-A5DD-173E4049D9F4","exportOptions":{"_class":"exportOptions","exportFormats":[],"includedLayerIds":[],"layerOptions":0,"shouldTrim":false},"frame":{"_class":"rect","constrainProportions":false,"height":50,"width":50,"x":219,"y":78},"isFlippedHorizontal":false,"isFlippedVertical":false,"isLocked":false,"isVisible":true,"layerListExpandedType":0,"name":"Notes \/ Callout NE","nameIsFixed":false,"resizingConstraint":63,"resizingType":0,"rotation":0,"shouldBreakMaskChain":false,"style":{"_class":"style","endDecorationType":0,"miterLimit":10,"startDecorationType":0},"horizontalSpacing":0,"overrideValues":[],"scale":0,"symbolID":"BBD43B15-66D6-435C-9454-AA2358C6036D","verticalSpacing":0},{"_class":"symbolInstance","do_objectID":"3A94FCEC-AAB5-4EAD-B889-540576547515","exportOptions":{"_class":"exportOptions","exportFormats":[],"includedLayerIds":[],"layerOptions":0,"shouldTrim":false},"frame":{"_class":"rect","constrainProportions":false,"height":50,"width":60,"x":357,"y":109},"isFlippedHorizontal":false,"isFlippedVertical":false,"isLocked":false,"isVisible":true,"layerListExpandedType":0,"name":"Notes \/ Callout W","nameIsFixed":false,"resizingConstraint":63,"resizingType":0,"rotation":0,"shouldBreakMaskChain":false,"style":{"_class":"style","endDecorationType":0,"miterLimit":10,"startDecorationType":0},"horizontalSpacing":0,"overrideValues":[],"scale":0,"symbolID":"020F7940-0BA4-418D-BA8C-AE85ED0D1D1B","verticalSpacing":0},{"_class":"symbolInstance","do_objectID":"E2595122-BA86-4D18-971E-22877837AA1F","exportOptions":{"_class":"exportOptions","exportFormats":[],"includedLayerIds":[],"layerOptions":0,"shouldTrim":false},"frame":{"_class":"rect","constrainProportions":false,"height":50,"width":60,"x":457,"y":109},"isFlippedHorizontal":false,"isFlippedVertical":false,"isLocked":false,"isVisible":true,"layerListExpandedType":0,"name":"Notes \/ Callout E","nameIsFixed":false,"resizingConstraint":63,"resizingType":0,"rotation":0,"shouldBreakMaskChain":false,"style":{"_class":"style","endDecorationType":0,"miterLimit":10,"startDecorationType":0},"horizontalSpacing":0,"overrideValues":[],"scale":0,"symbolID":"B31F127C-43D4-4D5C-BB5E-CB6438A5C952","verticalSpacing":0}],"backgroundColor":{"_class":"color","alpha":1,"blue":1,"green":1,"red":1},"grid":{"_class":"simpleGrid","isEnabled":false,"gridSize":20,"thickGridTimes":10},"hasBackgroundColor":false,"horizontalRulerData":{"_class":"rulerData","base":0,"guides":[]},"includeBackgroundColorInExport":true,"includeInCloudUpload":true,"isFlowHome":false,"presetDictionary":{"allowResizedMatching":0,"offersLandscapeVariant":0,"width":1440,"height":1024,"name":"Desktop HD"},"resizesContent":false,"verticalRulerData":{"_class":"rulerData","base":0,"guides":[]}},{"_class":"artboard","do_objectID":"77F4CC71-AAF0-495C-92CC-9F3546681D23","exportOptions":{"_class":"exportOptions","exportFormats":[],"includedLayerIds":[],"layerOptions":0,"shouldTrim":false},"frame":{"_class":"rect","do_objectID":"3EA13C1F-B739-4ECB-A64A-2E1984806F16","constrainProportions":false,"height":1024,"width":1440,"x":1358,"y":-552},"isFlippedHorizontal":false,"isFlippedVertical":false,"isLocked":false,"isVisible":true,"layerListExpandedType":0,"name":"Typography","nameIsFixed":true,"resizingConstraint":63,"resizingType":0,"rotation":0,"shouldBreakMaskChain":true,"style":{"_class":"style","do_objectID":"256419EB-6FF6-41E5-B825-4443E63C640D","endDecorationType":0,"miterLimit":10,"startDecorationType":0},"hasClickThrough":true,"layers":[{"_class":"text","do_objectID":"BBAF1B30-C10C-4CDA-A476-972D81E92195","exportOptions":{"_class":"exportOptions","exportFormats":[],"includedLayerIds":[],"layerOptions":0,"shouldTrim":false},"frame":{"_class":"rect","constrainProportions":false,"height":49,"width":395,"x":50,"y":186},"isFlippedHorizontal":false,"isFlippedVertical":false,"isLocked":false,"isVisible":true,"layerListExpandedType":0,"name":"h1 — This is a main ","nameIsFixed":false,"resizingConstraint":63,"resizingType":0,"rotation":0,"shouldBreakMaskChain":false,"style":{"_class":"style","do_objectID":"65D5AB24-E3B5-4504-8902-B3456D39EE26","endDecorationType":0,"miterLimit":10,"sharedObjectID":"8ED1DFDF-DFF2-42D1-BD43-3558439A68F3","startDecorationType":0,"textStyle":{"_class":"textStyle","encodedAttributes":{"MSAttributedStringFontAttribute":{"_class":"fontDescriptor","attributes":{"name":"AvenirNext-Bold","size":36}},"MSAttributedStringColorAttribute":{"_class":"color","alpha":1,"blue":0.2902374566,"green":0.2901752889,"red":0.2902216315},"paragraphStyle":{"_class":"paragraphStyle","allowsDefaultTighteningForTruncation":0}},"verticalAlignment":0}},"attributedString":{"_class":"attributedString","string":"h1 — This is a main title","attributes":[{"_class":"stringAttribute","location":0,"length":25,"attributes":{"MSAttributedStringFontAttribute":{"_class":"fontDescriptor","attributes":{"name":"AvenirNext-Bold","size":36}},"MSAttributedStringColorAttribute":{"_class":"color","alpha":1,"blue":0.2902374566,"green":0.2901752889,"red":0.2902216315},"paragraphStyle":{"_class":"paragraphStyle","allowsDefaultTighteningForTruncation":0}}}]},"automaticallyDrawOnUnderlyingPath":false,"dontSynchroniseWithSymbol":false,"glyphBounds":"{{0, 0}, {395, 49.1759033203125}}","lineSpacingBehaviour":0,"textBehaviour":0},{"_class":"text","do_objectID":"BA60618C-4B03-418B-B6FD-DA504CF53BC6","exportOptions":{"_class":"exportOptions","exportFormats":[],"includedLayerIds":[],"layerOptions":0,"shouldTrim":false},"frame":{"_class":"rect","constrainProportions":false,"height":41,"width":302,"x":50,"y":252},"isFlippedHorizontal":false,"isFlippedVertical":false,"isLocked":false,"isVisible":true,"layerListExpandedType":0,"name":"h2 — This is a subti","nameIsFixed":false,"resizingConstraint":63,"resizingType":0,"rotation":0,"shouldBreakMaskChain":false,"style":{"_class":"style","do_objectID":"5BBF32DB-7EA9-4C02-A05C-F41121DFD2BF","endDecorationType":0,"miterLimit":10,"sharedObjectID":"8AB6138B-0662-4B06-827B-BC9D597013EC","startDecorationType":0,"textStyle":{"_class":"textStyle","encodedAttributes":{"MSAttributedStringFontAttribute":{"_class":"fontDescriptor","attributes":{"name":"AvenirNext-Bold","size":30}},"MSAttributedStringColorAttribute":{"_class":"color","alpha":1,"blue":0.2902374566,"green":0.2901752889,"red":0.2902216315},"paragraphStyle":{"_class":"paragraphStyle","allowsDefaultTighteningForTruncation":0}},"verticalAlignment":0}},"attributedString":{"_class":"attributedString","string":"h2 — This is a subtitle","attributes":[{"_class":"stringAttribute","location":0,"length":23,"attributes":{"MSAttributedStringFontAttribute":{"_class":"fontDescriptor","attributes":{"name":"AvenirNext-Bold","size":30}},"MSAttributedStringColorAttribute":{"_class":"color","alpha":1,"blue":0.2902374566,"green":0.2901752889,"red":0.2902216315},"paragraphStyle":{"_class":"paragraphStyle","allowsDefaultTighteningForTruncation":0}}}]},"automaticallyDrawOnUnderlyingPath":false,"dontSynchroniseWithSymbol":false,"glyphBounds":"{{0, 0}, {302, 41}}","lineSpacingBehaviour":0,"textBehaviour":0},{"_class":"text","do_objectID":"F96707E4-5664-485C-9453-48F27B55C1CC","exportOptions":{"_class":"exportOptions","exportFormats":[],"includedLayerIds":[],"layerOptions":0,"shouldTrim":false},"frame":{"_class":"rect","constrainProportions":false,"height":33,"width":290,"x":50,"y":311},"isFlippedHorizontal":false,"isFlippedVertical":false,"isLocked":false,"isVisible":true,"layerListExpandedType":0,"name":"h3 — This is a secti","nameIsFixed":false,"resizingConstraint":63,"resizingType":0,"rotation":0,"shouldBreakMaskChain":false,"style":{"_class":"style","do_objectID":"F93950E3-EA7B-4654-8381-08808447A31B","endDecorationType":0,"miterLimit":10,"sharedObjectID":"C08D5B10-28BB-4AA5-9F36-9F3877518885","startDecorationType":0,"textStyle":{"_class":"textStyle","encodedAttributes":{"MSAttributedStringFontAttribute":{"_class":"fontDescriptor","attributes":{"name":"AvenirNext-Bold","size":24}},"MSAttributedStringColorAttribute":{"_class":"color","alpha":1,"blue":0.2902374566,"green":0.2901752889,"red":0.2902216315},"paragraphStyle":{"_class":"paragraphStyle","allowsDefaultTighteningForTruncation":0}},"verticalAlignment":0}},"attributedString":{"_class":"attributedString","string":"h3 — This is a section title","attributes":[{"_class":"stringAttribute","location":0,"length":28,"attributes":{"MSAttributedStringFontAttribute":{"_class":"fontDescriptor","attributes":{"name":"AvenirNext-Bold","size":24}},"MSAttributedStringColorAttribute":{"_class":"color","alpha":1,"blue":0.2902374566,"green":0.2901752889,"red":0.2902216315},"paragraphStyle":{"_class":"paragraphStyle","allowsDefaultTighteningForTruncation":0}}}]},"automaticallyDrawOnUnderlyingPath":false,"dontSynchroniseWithSymbol":false,"glyphBounds":"{{0, 0}, {290, 33}}","lineSpacingBehaviour":0,"textBehaviour":0},{"_class":"text","do_objectID":"4261B9F9-7F39-436D-8765-84914DA8CCA3","exportOptions":{"_class":"exportOptions","exportFormats":[],"includedLayerIds":[],"layerOptions":0,"shouldTrim":false},"frame":{"_class":"rect","constrainProportions":false,"height":27,"width":276,"x":50,"y":365},"isFlippedHorizontal":false,"isFlippedVertical":false,"isLocked":false,"isVisible":true,"layerListExpandedType":0,"name":"h4 — This is a secti","nameIsFixed":false,"resizingConstraint":63,"resizingType":0,"rotation":0,"shouldBreakMaskChain":false,"style":{"_class":"style","do_objectID":"650842D0-57C0-495B-9430-D07B84CAEC4B","endDecorationType":0,"miterLimit":10,"sharedObjectID":"7E35A188-1B6D-42AF-819F-00C2E806C6DE","startDecorationType":0,"textStyle":{"_class":"textStyle","encodedAttributes":{"MSAttributedStringFontAttribute":{"_class":"fontDescriptor","attributes":{"name":"AvenirNext-Bold","size":20}},"MSAttributedStringColorAttribute":{"_class":"color","alpha":1,"blue":0.2902374566,"green":0.2901752889,"red":0.2902216315},"paragraphStyle":{"_class":"paragraphStyle","allowsDefaultTighteningForTruncation":0}},"verticalAlignment":0}},"attributedString":{"_class":"attributedString","string":"h4 — This is a section subtitle","attributes":[{"_class":"stringAttribute","location":0,"length":31,"attributes":{"MSAttributedStringFontAttribute":{"_class":"fontDescriptor","attributes":{"name":"AvenirNext-Bold","size":20}},"MSAttributedStringColorAttribute":{"_class":"color","alpha":1,"blue":0.2902374566,"green":0.2901752889,"red":0.2902216315},"paragraphStyle":{"_class":"paragraphStyle","allowsDefaultTighteningForTruncation":0}}}]},"automaticallyDrawOnUnderlyingPath":false,"dontSynchroniseWithSymbol":false,"glyphBounds":"{{0, 0}, {276, 27.3199462890625}}","lineSpacingBehaviour":0,"textBehaviour":0},{"_class":"text","do_objectID":"B281580D-802D-4A87-9CBD-E2C597343794","exportOptions":{"_class":"exportOptions","exportFormats":[],"includedLayerIds":[],"layerOptions":0,"shouldTrim":false},"frame":{"_class":"rect","constrainProportions":false,"height":49,"width":769,"x":50,"y":50},"isFlippedHorizontal":false,"isFlippedVertical":false,"isLocked":false,"isVisible":true,"layerListExpandedType":0,"name":"Sketch Wireframing K","nameIsFixed":false,"resizingConstraint":63,"resizingType":0,"rotation":0,"shouldBreakMaskChain":false,"style":{"_class":"style","do_objectID":"3DAE2D4F-6B2C-4FFE-A910-012A9F9E7067","endDecorationType":0,"miterLimit":10,"sharedObjectID":"8ED1DFDF-DFF2-42D1-BD43-3558439A68F3","startDecorationType":0,"textStyle":{"_class":"textStyle","encodedAttributes":{"MSAttributedStringFontAttribute":{"_class":"fontDescriptor","attributes":{"name":"AvenirNext-Bold","size":36}},"MSAttributedStringColorAttribute":{"_class":"color","alpha":1,"blue":0.2902374566,"green":0.2901752889,"red":0.2902216315},"paragraphStyle":{"_class":"paragraphStyle","allowsDefaultTighteningForTruncation":0}},"verticalAlignment":0}},"attributedString":{"_class":"attributedString","string":"Sketch Wireframing Kit — v1.2 — Typography","attributes":[{"_class":"stringAttribute","location":0,"length":42,"attributes":{"MSAttributedStringFontAttribute":{"_class":"fontDescriptor","attributes":{"name":"AvenirNext-Bold","size":36}},"MSAttributedStringColorAttribute":{"_class":"color","alpha":1,"blue":0.2902374566,"green":0.2901752889,"red":0.2902216315},"paragraphStyle":{"_class":"paragraphStyle","allowsDefaultTighteningForTruncation":0}}}]},"automaticallyDrawOnUnderlyingPath":false,"dontSynchroniseWithSymbol":false,"glyphBounds":"{{0, 0}, {769, 49.1759033203125}}","lineSpacingBehaviour":0,"textBehaviour":0},{"_class":"text","do_objectID":"39412F2C-DA8D-4B57-B1B9-52A110504041","exportOptions":{"_class":"exportOptions","exportFormats":[],"includedLayerIds":[],"layerOptions":0,"shouldTrim":false},"frame":{"_class":"rect","constrainProportions":false,"height":40,"width":550,"x":50,"y":106},"isFlippedHorizontal":false,"isFlippedVertical":false,"isLocked":false,"isVisible":true,"layerListExpandedType":0,"name":"This is a collection","nameIsFixed":false,"resizingConstraint":63,"resizingType":0,"rotation":0,"shouldBreakMaskChain":false,"style":{"_class":"style","do_objectID":"AAF0E3D1-39FB-48D8-959E-E03FB56840D4","endDecorationType":0,"miterLimit":10,"sharedObjectID":"DE7F560C-07DF-4A7C-A810-A51472C0BB67","startDecorationType":0,"textStyle":{"_class":"textStyle","encodedAttributes":{"MSAttributedStringFontAttribute":{"_class":"fontDescriptor","attributes":{"name":"AvenirNext-Regular","size":14}},"MSAttributedStringColorAttribute":{"_class":"color","alpha":1,"blue":0.2902374566,"green":0.2901752889,"red":0.2902216315},"paragraphStyle":{"_class":"paragraphStyle","maximumLineHeight":20,"minimumLineHeight":20,"paragraphSpacing":10,"allowsDefaultTighteningForTruncation":0}},"verticalAlignment":0}},"attributedString":{"_class":"attributedString","string":"This is a collection of symbols for quickly mocking up web applications, created by your friends at Bohemian Coding and released under the MIT license.","attributes":[{"_class":"stringAttribute","location":0,"length":151,"attributes":{"MSAttributedStringFontAttribute":{"_class":"fontDescriptor","attributes":{"name":"AvenirNext-Regular","size":14}},"MSAttributedStringColorAttribute":{"_class":"color","alpha":1,"blue":0.2902374566,"green":0.2901752889,"red":0.2902216315},"paragraphStyle":{"_class":"paragraphStyle","maximumLineHeight":20,"minimumLineHeight":20,"paragraphSpacing":10,"allowsDefaultTighteningForTruncation":0}}}]},"automaticallyDrawOnUnderlyingPath":false,"dontSynchroniseWithSymbol":false,"glyphBounds":"{{0, 0}, {550, 40}}","lineSpacingBehaviour":0,"textBehaviour":1},{"_class":"text","do_objectID":"D5BB4201-5F51-4693-B1E0-4A4C88E1D33A","exportOptions":{"_class":"exportOptions","exportFormats":[],"includedLayerIds":[],"layerOptions":0,"shouldTrim":false},"frame":{"_class":"rect","do_objectID":"BA62F4AA-C23B-4135-89D5-F752C2EA3EB9","constrainProportions":false,"height":420,"width":500,"x":50,"y":557},"isFlippedHorizontal":false,"isFlippedVertical":false,"isLocked":false,"isVisible":true,"layerListExpandedType":0,"name":"Lorem ipsum dolor si","nameIsFixed":false,"resizingConstraint":63,"resizingType":0,"rotation":0,"shouldBreakMaskChain":false,"style":{"_class":"style","do_objectID":"0C7A9E0D-F0AE-40BE-9D57-E2A63EAFEAE2","endDecorationType":0,"miterLimit":10,"sharedObjectID":"DE7F560C-07DF-4A7C-A810-A51472C0BB67","startDecorationType":0,"textStyle":{"_class":"textStyle","encodedAttributes":{"MSAttributedStringFontAttribute":{"_class":"fontDescriptor","attributes":{"name":"AvenirNext-Regular","size":14}},"MSAttributedStringColorAttribute":{"_class":"color","alpha":1,"blue":0.2902374566,"green":0.2901752889,"red":0.2902216315},"paragraphStyle":{"_class":"paragraphStyle","maximumLineHeight":20,"minimumLineHeight":20,"paragraphSpacing":10,"allowsDefaultTighteningForTruncation":0}},"verticalAlignment":0}},"attributedString":{"_class":"attributedString","string":"Lorem ipsum dolor sit amet, consectetur adipiscing elit. Cras dapibus vulputate diam eu pretium. Mauris elit orci, ultricies id fermentum vel, porta et eros. Vestibulum condimentum lectus in convallis feugiat. Sed vulputate fringilla felis. Aliquam ut arcu et dui feugiat scelerisque eu quis diam. Mauris placerat congue dui sit amet blandit. Phasellus condimentum libero vel velit auctor, sit amet tincidunt velit varius.\nMauris lacinia porta faucibus. Fusce eu est ac eros vulputate mollis in ac felis. Aenean commodo scelerisque mi sed imperdiet. Donec at hendrerit nisi, eget vestibulum nisi. Sed sit amet magna luctus, facilisis erat quis, sagittis ligula. Aenean dignissim velit quis leo consequat ultricies. Proin quis pretium justo. Vestibulum at eros nisl. Fusce lobortis erat ante, eu cursus sapien molestie at. Pellentesque placerat ante diam, et euismod lacus dictum vel. Phasellus vitae sollicitudin mi.\nIn pulvinar eleifend convallis. Suspendisse elit erat, venenatis eget ullamcorper ut, laoreet iaculis nisl. Sed porta, felis id rhoncus aliquet, quam ipsum pellentesque metus, in sodales quam nunc vitae risus. Quisque in venenatis massa. Phasellus neque risus, ornare quis nisl ultricies, ullamcorper consectetur orci. Suspendisse rhoncus orci odio, id faucibus ipsum tincidunt nec. Ut eget ante sit amet justo volutpat convallis vitae et augue. Phasellus sagittis cursus fermentum.","attributes":[{"_class":"stringAttribute","location":0,"length":1399,"attributes":{"MSAttributedStringFontAttribute":{"_class":"fontDescriptor","attributes":{"name":"AvenirNext-Regular","size":14}},"MSAttributedStringColorAttribute":{"_class":"color","alpha":1,"blue":0.2902374566,"green":0.2901752889,"red":0.2902216315},"paragraphStyle":{"_class":"paragraphStyle","maximumLineHeight":20,"minimumLineHeight":20,"paragraphSpacing":10,"allowsDefaultTighteningForTruncation":0}}}]},"automaticallyDrawOnUnderlyingPath":false,"dontSynchroniseWithSymbol":false,"glyphBounds":"{{0, 0}, {500, 420}}","lineSpacingBehaviour":0,"textBehaviour":1},{"_class":"text","do_objectID":"EB70016E-F93E-4A38-B36C-A9AA9D149E0B","exportOptions":{"_class":"exportOptions","exportFormats":[],"includedLayerIds":[],"layerOptions":0,"shouldTrim":false},"frame":{"_class":"rect","do_objectID":"E579872B-CA49-487A-9DBC-BE2C0CB74024","constrainProportions":false,"height":375,"width":500,"x":599,"y":598},"isFlippedHorizontal":false,"isFlippedVertical":false,"isLocked":false,"isVisible":true,"layerListExpandedType":0,"name":"Lorem ipsum dolor si","nameIsFixed":false,"resizingConstraint":63,"resizingType":0,"rotation":0,"shouldBreakMaskChain":false,"style":{"_class":"style","do_objectID":"150D21FA-AB84-4112-9FFF-EC11B4D3B026","endDecorationType":0,"miterLimit":10,"sharedObjectID":"A47FC806-7585-4E90-8E5E-357469B83E55","startDecorationType":0,"textStyle":{"_class":"textStyle","encodedAttributes":{"MSAttributedStringFontAttribute":{"_class":"fontDescriptor","attributes":{"name":"AvenirNext-Regular","size":10}},"MSAttributedStringColorAttribute":{"_class":"color","alpha":1,"blue":0.2902374566,"green":0.2901752889,"red":0.2902216315},"paragraphStyle":{"_class":"paragraphStyle","maximumLineHeight":15,"minimumLineHeight":15,"paragraphSpacing":10,"allowsDefaultTighteningForTruncation":0}},"verticalAlignment":0}},"attributedString":{"_class":"attributedString","string":"Lorem ipsum dolor sit amet, consectetur adipiscing elit. Cras dapibus vulputate diam eu pretium. Mauris elit orci, ultricies id fermentum vel, porta et eros. Vestibulum condimentum lectus in convallis feugiat. Sed vulputate fringilla felis. Aliquam ut arcu et dui feugiat scelerisque eu quis diam. Mauris placerat congue dui sit amet blandit. Phasellus condimentum libero vel velit auctor, sit amet tincidunt velit varius.\nMauris lacinia porta faucibus. Fusce eu est ac eros vulputate mollis in ac felis. Aenean commodo scelerisque mi sed imperdiet. Donec at hendrerit nisi, eget vestibulum nisi. Sed sit amet magna luctus, facilisis erat quis, sagittis ligula. Aenean dignissim velit quis leo consequat ultricies. Proin quis pretium justo. Vestibulum at eros nisl. Fusce lobortis erat ante, eu cursus sapien molestie at. Pellentesque placerat ante diam, et euismod lacus dictum vel. Phasellus vitae sollicitudin mi.\nIn pulvinar eleifend convallis. Suspendisse elit erat, venenatis eget ullamcorper ut, laoreet iaculis nisl. Sed porta, felis id rhoncus aliquet, quam ipsum pellentesque metus, in sodales quam nunc vitae risus. Quisque in venenatis massa. Phasellus neque risus, ornare quis nisl ultricies, ullamcorper consectetur orci. Suspendisse rhoncus orci odio, id faucibus ipsum tincidunt nec. Ut eget ante sit amet justo volutpat convallis vitae et augue. Phasellus sagittis cursus fermentum. Curabitur tincidunt leo at convallis sodales. Proin posuere tempus iaculis. Cras non risus hendrerit, tempor diam in, congue nulla. Proin eu erat varius, luctus mauris sed, fermentum sem. Donec non sollicitudin diam, vel viverra tortor. Cum sociis natoque penatibus et magnis dis parturient montes, nascetur ridiculus mus. Sed ultricies porta orci, nec consectetur ipsum facilisis in.\nSed a consequat lacus. Sed quis tincidunt nisl. Pellentesque vehicula libero sit amet sem aliquam adipiscing. Praesent commodo faucibus vulputate. Aliquam aliquam dictum arcu id interdum. Aenean non mauris turpis. Vestibulum at mauris quis felis tempor dictum. Nullam iaculis metus at ullamcorper volutpat. Donec nec justo ac erat mattis pulvinar. In luctus non ligula id elementum. Cras viverra sit amet risus eget feugiat. Fusce pulvinar risus sit amet gravida lobortis. Praesent metus eros, vestibulum sed bibendum eu, pharetra et lorem. Sed eu nisl et nisi mollis semper.","attributes":[{"_class":"stringAttribute","location":0,"length":2360,"attributes":{"MSAttributedStringFontAttribute":{"_class":"fontDescriptor","attributes":{"name":"AvenirNext-Regular","size":10}},"MSAttributedStringColorAttribute":{"_class":"color","alpha":1,"blue":0.2902374566,"green":0.2901752889,"red":0.2902216315},"paragraphStyle":{"_class":"paragraphStyle","maximumLineHeight":15,"minimumLineHeight":15,"paragraphSpacing":10,"allowsDefaultTighteningForTruncation":0}}}]},"automaticallyDrawOnUnderlyingPath":false,"dontSynchroniseWithSymbol":false,"glyphBounds":"{{0, 0}, {500, 375}}","lineSpacingBehaviour":0,"textBehaviour":1},{"_class":"text","do_objectID":"18D3051E-9CFF-4BA8-9EDC-581E3FBCBD1B","exportOptions":{"_class":"exportOptions","exportFormats":[],"includedLayerIds":[],"layerOptions":0,"shouldTrim":false},"frame":{"_class":"rect","constrainProportions":false,"height":104,"width":500,"x":50,"y":426},"isFlippedHorizontal":false,"isFlippedVertical":false,"isLocked":false,"isVisible":true,"layerListExpandedType":0,"name":"This an introduction","nameIsFixed":false,"resizingConstraint":63,"resizingType":0,"rotation":0,"shouldBreakMaskChain":false,"style":{"_class":"style","do_objectID":"FACA0353-D219-440C-90C8-AF5BEFA6EC1F","endDecorationType":0,"miterLimit":10,"sharedObjectID":"17DEBC2B-4F49-4824-AE4D-D06C4A26C955","startDecorationType":0,"textStyle":{"_class":"textStyle","encodedAttributes":{"MSAttributedStringFontAttribute":{"_class":"fontDescriptor","attributes":{"name":"AvenirNext-Regular","size":18}},"MSAttributedStringColorAttribute":{"_class":"color","alpha":1,"blue":0.2902374566,"green":0.2901752889,"red":0.2902216315},"paragraphStyle":{"_class":"paragraphStyle","maximumLineHeight":26,"minimumLineHeight":26,"allowsDefaultTighteningForTruncation":0}},"verticalAlignment":0}},"attributedString":{"_class":"attributedString","string":"This an introduction text. It has a fixed size, and a custom line height, so you can experiment with it. Lorem ipsum dolor sit amet, consectetur adipiscing elit. Cras dapibus vulputate diam eu pretium.","attributes":[{"_class":"stringAttribute","location":0,"length":201,"attributes":{"MSAttributedStringFontAttribute":{"_class":"fontDescriptor","attributes":{"name":"AvenirNext-Regular","size":18}},"MSAttributedStringColorAttribute":{"_class":"color","alpha":1,"blue":0.2902374566,"green":0.2901752889,"red":0.2902216315},"paragraphStyle":{"_class":"paragraphStyle","maximumLineHeight":26,"minimumLineHeight":26,"allowsDefaultTighteningForTruncation":0}}}]},"automaticallyDrawOnUnderlyingPath":false,"dontSynchroniseWithSymbol":false,"glyphBounds":"{{0, 0}, {500, 104}}","lineSpacingBehaviour":0,"textBehaviour":1},{"_class":"text","do_objectID":"C5E5676B-3A4C-4C51-B9D6-76617DCCFCC0","exportOptions":{"_class":"exportOptions","exportFormats":[],"includedLayerIds":[],"layerOptions":0,"shouldTrim":false},"frame":{"_class":"rect","do_objectID":"FB0F7B92-7654-420D-80E7-BB49C3268BC1","constrainProportions":false,"height":102,"width":500,"x":599,"y":426},"isFlippedHorizontal":false,"isFlippedVertical":false,"isLocked":false,"isVisible":true,"layerListExpandedType":0,"name":"Typography is the cr","nameIsFixed":false,"resizingConstraint":63,"resizingType":0,"rotation":0,"shouldBreakMaskChain":false,"style":{"_class":"style","do_objectID":"8EC4992E-D4A0-4956-B000-A74BD7307775","endDecorationType":0,"miterLimit":10,"sharedObjectID":"20706168-94A6-49A4-82DA-E3E29163235F","startDecorationType":0,"textStyle":{"_class":"textStyle","encodedAttributes":{"MSAttributedStringFontAttribute":{"_class":"fontDescriptor","attributes":{"name":"Palatino-Italic","size":24}},"MSAttributedStringColorAttribute":{"_class":"color","alpha":1,"blue":0.2902374566,"green":0.2901752889,"red":0.2902216315},"paragraphStyle":{"_class":"paragraphStyle","alignment":2,"maximumLineHeight":34,"minimumLineHeight":34,"allowsDefaultTighteningForTruncation":0}},"verticalAlignment":0}},"attributedString":{"_class":"attributedString","string":"Typography is the craft of endowing human language with a durable visual form. \n― Robert Bringhurst","attributes":[{"_class":"stringAttribute","location":0,"length":99,"attributes":{"MSAttributedStringFontAttribute":{"_class":"fontDescriptor","attributes":{"name":"Palatino-Italic","size":24}},"MSAttributedStringColorAttribute":{"_class":"color","alpha":1,"blue":0.2902374566,"green":0.2901752889,"red":0.2902216315},"paragraphStyle":{"_class":"paragraphStyle","alignment":2,"maximumLineHeight":34,"minimumLineHeight":34,"allowsDefaultTighteningForTruncation":0}}}]},"automaticallyDrawOnUnderlyingPath":false,"dontSynchroniseWithSymbol":false,"glyphBounds":"{{0, 0}, {500, 102}}","lineSpacingBehaviour":0,"textBehaviour":1}],"backgroundColor":{"_class":"color","alpha":1,"blue":1,"green":1,"red":1},"grid":{"_class":"simpleGrid","isEnabled":false,"gridSize":20,"thickGridTimes":10},"hasBackgroundColor":false,"horizontalRulerData":{"_class":"rulerData","base":0,"guides":[]},"includeBackgroundColorInExport":true,"includeInCloudUpload":true,"isFlowHome":false,"presetDictionary":{"allowResizedMatching":0,"offersLandscapeVariant":0,"width":1440,"height":1024,"name":"Desktop HD"},"resizesContent":false,"verticalRulerData":{"_class":"rulerData","base":0,"guides":[]}},{"_class":"artboard","do_objectID":"4C8270D4-A4F6-4181-9F35-785BBCB6C47E","exportOptions":{"_class":"exportOptions","exportFormats":[],"includedLayerIds":[],"layerOptions":0,"shouldTrim":false},"frame":{"_class":"rect","do_objectID":"C1DDBE31-19FF-4ECF-9B16-09C1724F4E3F","constrainProportions":false,"height":1024,"width":1440,"x":-182,"y":-552},"isFlippedHorizontal":false,"isFlippedVertical":false,"isLocked":false,"isVisible":true,"layerListExpandedType":0,"name":"Forms","nameIsFixed":true,"resizingConstraint":63,"resizingType":0,"rotation":0,"shouldBreakMaskChain":true,"style":{"_class":"style","endDecorationType":0,"miterLimit":10,"startDecorationType":0},"hasClickThrough":true,"layers":[{"_class":"text","do_objectID":"C6E29694-8722-4A96-8DCD-21ED38135469","exportOptions":{"_class":"exportOptions","exportFormats":[],"includedLayerIds":[],"layerOptions":0,"shouldTrim":false},"frame":{"_class":"rect","do_objectID":"D4381B61-0122-475C-9261-F2E27B1CEDF9","constrainProportions":false,"height":49,"width":668,"x":50,"y":50},"isFlippedHorizontal":false,"isFlippedVertical":false,"isLocked":false,"isVisible":true,"layerListExpandedType":0,"name":"Sketch Wireframing K","nameIsFixed":false,"resizingConstraint":63,"resizingType":0,"rotation":0,"shouldBreakMaskChain":false,"style":{"_class":"style","do_objectID":"18E709E9-5E24-4707-B730-E01322C69CB6","endDecorationType":0,"miterLimit":10,"sharedObjectID":"8ED1DFDF-DFF2-42D1-BD43-3558439A68F3","startDecorationType":0,"textStyle":{"_class":"textStyle","encodedAttributes":{"MSAttributedStringFontAttribute":{"_class":"fontDescriptor","attributes":{"name":"AvenirNext-Bold","size":36}},"MSAttributedStringColorAttribute":{"_class":"color","alpha":1,"blue":0.2902374566,"green":0.2901752889,"red":0.2902216315},"paragraphStyle":{"_class":"paragraphStyle","allowsDefaultTighteningForTruncation":0}},"verticalAlignment":0}},"attributedString":{"_class":"attributedString","string":"Sketch Wireframing Kit — v1.2 — Forms","attributes":[{"_class":"stringAttribute","location":0,"length":37,"attributes":{"MSAttributedStringFontAttribute":{"_class":"fontDescriptor","attributes":{"name":"AvenirNext-Bold","size":36}},"MSAttributedStringColorAttribute":{"_class":"color","alpha":1,"blue":0.2902374566,"green":0.2901752889,"red":0.2902216315},"paragraphStyle":{"_class":"paragraphStyle","allowsDefaultTighteningForTruncation":0}}}]},"automaticallyDrawOnUnderlyingPath":false,"dontSynchroniseWithSymbol":false,"glyphBounds":"{{0, 0}, {668, 49.1759033203125}}","lineSpacingBehaviour":0,"textBehaviour":0},{"_class":"text","do_objectID":"908AC06D-F6B6-45D4-B1A8-F5D37BFE24A8","exportOptions":{"_class":"exportOptions","exportFormats":[],"includedLayerIds":[],"layerOptions":0,"shouldTrim":false},"frame":{"_class":"rect","do_objectID":"23CCD62E-75F2-45A7-AD65-B1DA1805A464","constrainProportions":false,"height":40,"width":550,"x":50,"y":106},"isFlippedHorizontal":false,"isFlippedVertical":false,"isLocked":false,"isVisible":true,"layerListExpandedType":0,"name":"This is a collection","nameIsFixed":false,"resizingConstraint":63,"resizingType":0,"rotation":0,"shouldBreakMaskChain":false,"style":{"_class":"style","do_objectID":"8E9627B7-20D2-4692-8DA0-F1879FB0CF2A","endDecorationType":0,"miterLimit":10,"sharedObjectID":"DE7F560C-07DF-4A7C-A810-A51472C0BB67","startDecorationType":0,"textStyle":{"_class":"textStyle","encodedAttributes":{"MSAttributedStringFontAttribute":{"_class":"fontDescriptor","attributes":{"name":"AvenirNext-Regular","size":14}},"MSAttributedStringColorAttribute":{"_class":"color","alpha":1,"blue":0.2902374566,"green":0.2901752889,"red":0.2902216315},"paragraphStyle":{"_class":"paragraphStyle","maximumLineHeight":20,"minimumLineHeight":20,"paragraphSpacing":10,"allowsDefaultTighteningForTruncation":0}},"verticalAlignment":0}},"attributedString":{"_class":"attributedString","string":"This is a collection of symbols for quickly mocking up web applications, created by your friends at Bohemian Coding and released under the MIT license.","attributes":[{"_class":"stringAttribute","location":0,"length":151,"attributes":{"MSAttributedStringFontAttribute":{"_class":"fontDescriptor","attributes":{"name":"AvenirNext-Regular","size":14}},"MSAttributedStringColorAttribute":{"_class":"color","alpha":1,"blue":0.2902374566,"green":0.2901752889,"red":0.2902216315},"paragraphStyle":{"_class":"paragraphStyle","maximumLineHeight":20,"minimumLineHeight":20,"paragraphSpacing":10,"allowsDefaultTighteningForTruncation":0}}}]},"automaticallyDrawOnUnderlyingPath":false,"dontSynchroniseWithSymbol":false,"glyphBounds":"{{0, 0}, {550, 40}}","lineSpacingBehaviour":0,"textBehaviour":1},{"_class":"symbolInstance","do_objectID":"2435BDF6-1B9B-4251-8D83-DFFF1CA35B3D","exportOptions":{"_class":"exportOptions","exportFormats":[],"includedLayerIds":[],"layerOptions":0,"shouldTrim":false},"frame":{"_class":"rect","constrainProportions":false,"height":36,"width":252,"x":710,"y":386},"isFlippedHorizontal":false,"isFlippedVertical":false,"isLocked":false,"isVisible":true,"layerListExpandedType":0,"name":"Form \/ Input Text (Focus)","nameIsFixed":false,"resizingConstraint":63,"resizingType":0,"rotation":0,"shouldBreakMaskChain":false,"style":{"_class":"style","endDecorationType":0,"miterLimit":10,"startDecorationType":0},"horizontalSpacing":0,"overrideValues":[],"scale":0,"symbolID":"E7FDDF0D-0986-4BA9-890C-4D1CDE17FBDE","verticalSpacing":0},{"_class":"symbolInstance","do_objectID":"2BE3811D-FF63-409F-972C-F2519EDD5FBB","exportOptions":{"_class":"exportOptions","exportFormats":[],"includedLayerIds":[],"layerOptions":0,"shouldTrim":false},"frame":{"_class":"rect","constrainProportions":false,"height":146,"width":300,"x":710,"y":230},"isFlippedHorizontal":false,"isFlippedVertical":false,"isLocked":false,"isVisible":true,"layerListExpandedType":0,"name":"Form \/ Textarea (Focus)","nameIsFixed":false,"resizingConstraint":63,"resizingType":0,"rotation":0,"shouldBreakMaskChain":false,"style":{"_class":"style","endDecorationType":0,"miterLimit":10,"startDecorationType":0},"horizontalSpacing":0,"overrideValues":[],"scale":0,"symbolID":"C394D12C-2AD7-4464-BB98-CDFFAB33EC4D","verticalSpacing":0},{"_class":"symbolInstance","do_objectID":"30F8A426-C32A-4C88-960B-25228B500B52","exportOptions":{"_class":"exportOptions","exportFormats":[],"includedLayerIds":[],"layerOptions":0,"shouldTrim":false},"frame":{"_class":"rect","constrainProportions":false,"height":26,"width":300,"x":710,"y":189},"isFlippedHorizontal":false,"isFlippedVertical":false,"isLocked":false,"isVisible":true,"layerListExpandedType":0,"name":"Form \/ Legend","nameIsFixed":false,"resizingConstraint":63,"resizingType":0,"rotation":0,"shouldBreakMaskChain":false,"style":{"_class":"style","endDecorationType":0,"miterLimit":10,"startDecorationType":0},"horizontalSpacing":0,"overrideValues":[{"_class":"overrideValue","overrideName":"75867608-FC5B-41CA-8E2D-AD40E948E287_stringValue","value":"Form Elements with Focus"}],"scale":0,"symbolID":"7B7FF161-128D-40F2-93D5-14FA7B151054","verticalSpacing":0},{"_class":"symbolInstance","do_objectID":"43707940-EEE1-4A19-8789-AE7D39F4A2B4","exportOptions":{"_class":"exportOptions","exportFormats":[],"includedLayerIds":[],"layerOptions":0,"shouldTrim":false},"frame":{"_class":"rect","constrainProportions":false,"height":36,"width":252,"x":1040,"y":386},"isFlippedHorizontal":false,"isFlippedVertical":false,"isLocked":false,"isVisible":true,"layerListExpandedType":0,"name":"Form \/ Input Text (Error)","nameIsFixed":false,"resizingConstraint":63,"resizingType":0,"rotation":0,"shouldBreakMaskChain":false,"style":{"_class":"style","endDecorationType":0,"miterLimit":10,"startDecorationType":0},"horizontalSpacing":0,"overrideValues":[],"scale":0,"symbolID":"48A495D3-E22A-4502-8134-5C4D2AD8655A","verticalSpacing":0},{"_class":"symbolInstance","do_objectID":"4F76211A-8787-448B-97E2-6D819ED0666A","exportOptions":{"_class":"exportOptions","exportFormats":[],"includedLayerIds":[],"layerOptions":0,"shouldTrim":false},"frame":{"_class":"rect","constrainProportions":false,"height":146,"width":300,"x":1040,"y":230},"isFlippedHorizontal":false,"isFlippedVertical":false,"isLocked":false,"isVisible":true,"layerListExpandedType":0,"name":"Form \/ Textarea (Error)","nameIsFixed":false,"resizingConstraint":63,"resizingType":0,"rotation":0,"shouldBreakMaskChain":false,"style":{"_class":"style","endDecorationType":0,"miterLimit":10,"startDecorationType":0},"horizontalSpacing":0,"overrideValues":[],"scale":0,"symbolID":"5622C996-C904-43B0-9CC1-C4E41D35D9F8","verticalSpacing":0},{"_class":"symbolInstance","do_objectID":"89A59D10-1E58-4657-B16C-69290E27FE1D","exportOptions":{"_class":"exportOptions","exportFormats":[],"includedLayerIds":[],"layerOptions":0,"shouldTrim":false},"frame":{"_class":"rect","constrainProportions":false,"height":26,"width":300,"x":1040,"y":189},"isFlippedHorizontal":false,"isFlippedVertical":false,"isLocked":false,"isVisible":true,"layerListExpandedType":0,"name":"Form \/ Legend","nameIsFixed":false,"resizingConstraint":63,"resizingType":0,"rotation":0,"shouldBreakMaskChain":false,"style":{"_class":"style","endDecorationType":0,"miterLimit":10,"startDecorationType":0},"horizontalSpacing":0,"overrideValues":[{"_class":"overrideValue","overrideName":"75867608-FC5B-41CA-8E2D-AD40E948E287_stringValue","value":"Validation Errors"}],"scale":0,"symbolID":"7B7FF161-128D-40F2-93D5-14FA7B151054","verticalSpacing":0},{"_class":"symbolInstance","do_objectID":"F7026E70-93AF-4701-8DDD-5887C280837F","exportOptions":{"_class":"exportOptions","exportFormats":[],"includedLayerIds":[],"layerOptions":0,"shouldTrim":false},"frame":{"_class":"rect","constrainProportions":false,"height":36,"width":145,"x":50,"y":728},"isFlippedHorizontal":false,"isFlippedVertical":false,"isLocked":false,"isVisible":true,"layerListExpandedType":0,"name":"Ok Button","nameIsFixed":false,"resizingConstraint":63,"resizingType":0,"rotation":0,"shouldBreakMaskChain":false,"style":{"_class":"style","endDecorationType":0,"miterLimit":10,"startDecorationType":0},"horizontalSpacing":0,"overrideValues":[],"scale":0,"symbolID":"E35F300E-3B3D-4B03-A154-1BF2FDC00282","verticalSpacing":0},{"_class":"symbolInstance","do_objectID":"23EE4404-7D59-440D-802B-145F525AC7D9","exportOptions":{"_class":"exportOptions","exportFormats":[],"includedLayerIds":[],"layerOptions":0,"shouldTrim":false},"frame":{"_class":"rect","constrainProportions":false,"height":36,"width":145,"x":205,"y":728},"isFlippedHorizontal":false,"isFlippedVertical":false,"isLocked":false,"isVisible":true,"layerListExpandedType":0,"name":"Secondary Button","nameIsFixed":false,"resizingConstraint":63,"resizingType":0,"rotation":0,"shouldBreakMaskChain":false,"style":{"_class":"style","endDecorationType":0,"miterLimit":10,"startDecorationType":0},"horizontalSpacing":0,"overrideValues":[],"scale":0,"symbolID":"B6470CF9-7D69-4AD6-B3F1-4C99FE773686","verticalSpacing":0},{"_class":"symbolInstance","do_objectID":"B641AC6F-2064-4C84-8AEB-16CE7D36D808","exportOptions":{"_class":"exportOptions","exportFormats":[],"includedLayerIds":[],"layerOptions":0,"shouldTrim":false},"frame":{"_class":"rect","constrainProportions":false,"height":36,"width":145,"x":529,"y":728},"isFlippedHorizontal":false,"isFlippedVertical":false,"isLocked":false,"isVisible":true,"layerListExpandedType":0,"name":"Buttons \/ Secondary (Disabled)","nameIsFixed":false,"resizingConstraint":63,"resizingType":0,"rotation":0,"shouldBreakMaskChain":false,"style":{"_class":"style","endDecorationType":0,"miterLimit":10,"startDecorationType":0},"horizontalSpacing":0,"overrideValues":[],"scale":0,"symbolID":"BC714FDC-189A-4FCC-B730-BB6B8A199CA9","verticalSpacing":0},{"_class":"symbolInstance","do_objectID":"03DD4548-58DD-42E1-B4E9-317DC774F08A","exportOptions":{"_class":"exportOptions","exportFormats":[],"includedLayerIds":[],"layerOptions":0,"shouldTrim":false},"frame":{"_class":"rect","constrainProportions":false,"height":36,"width":252,"x":50,"y":432},"isFlippedHorizontal":false,"isFlippedVertical":false,"isLocked":false,"isVisible":true,"layerListExpandedType":0,"name":"Input \/ Text (Placeholder)","nameIsFixed":false,"resizingConstraint":63,"resizingType":0,"rotation":0,"shouldBreakMaskChain":false,"style":{"_class":"style","endDecorationType":0,"miterLimit":10,"startDecorationType":0},"horizontalSpacing":0,"overrideValues":[],"scale":0,"symbolID":"AF234068-A97D-4097-8C29-3839F1341F51","verticalSpacing":0},{"_class":"symbolInstance","do_objectID":"50DE3225-79F5-48C4-8120-F94D179D5EC5","exportOptions":{"_class":"exportOptions","exportFormats":[],"includedLayerIds":[],"layerOptions":0,"shouldTrim":false},"frame":{"_class":"rect","constrainProportions":false,"height":36,"width":300,"x":50,"y":386},"isFlippedHorizontal":false,"isFlippedVertical":false,"isLocked":false,"isVisible":true,"layerListExpandedType":0,"name":"Input \/ Text","nameIsFixed":false,"resizingConstraint":63,"resizingType":0,"rotation":0,"shouldBreakMaskChain":false,"style":{"_class":"style","endDecorationType":0,"miterLimit":10,"startDecorationType":0},"horizontalSpacing":0,"overrideValues":[],"scale":0,"symbolID":"9F7A31B5-C35D-437B-ACBE-C677D8C84828","verticalSpacing":0},{"_class":"symbolInstance","do_objectID":"13B68262-10BB-44E1-9B30-758C52E0EC31","exportOptions":{"_class":"exportOptions","exportFormats":[],"includedLayerIds":[],"layerOptions":0,"shouldTrim":false},"frame":{"_class":"rect","constrainProportions":false,"height":36,"width":300,"x":50,"y":478},"isFlippedHorizontal":false,"isFlippedVertical":false,"isLocked":false,"isVisible":true,"layerListExpandedType":0,"name":"Form \/ Select","nameIsFixed":false,"resizingConstraint":63,"resizingType":0,"rotation":0,"shouldBreakMaskChain":false,"style":{"_class":"style","endDecorationType":0,"miterLimit":10,"startDecorationType":0},"horizontalSpacing":0,"overrideValues":[],"scale":0,"symbolID":"88D90B0F-CCDF-4531-8A69-2BBD559DEEC3","verticalSpacing":0},{"_class":"symbolInstance","do_objectID":"522786AB-96F4-4568-BBEC-7E05B815BA13","exportOptions":{"_class":"exportOptions","exportFormats":[],"includedLayerIds":[],"layerOptions":0,"shouldTrim":false},"frame":{"_class":"rect","constrainProportions":false,"height":146,"width":300,"x":50,"y":230},"isFlippedHorizontal":false,"isFlippedVertical":false,"isLocked":false,"isVisible":true,"layerListExpandedType":0,"name":"Textarea","nameIsFixed":false,"resizingConstraint":63,"resizingType":0,"rotation":0,"shouldBreakMaskChain":false,"style":{"_class":"style","endDecorationType":0,"miterLimit":10,"startDecorationType":0},"horizontalSpacing":0,"overrideValues":[],"scale":0,"symbolID":"960D83C8-DE3E-4307-8EE2-D61B1920B9B1","verticalSpacing":0},{"_class":"symbolInstance","do_objectID":"EFBEE172-0CA0-4B80-9ACF-12B5F89D2DEB","exportOptions":{"_class":"exportOptions","exportFormats":[],"includedLayerIds":[],"layerOptions":0,"shouldTrim":false},"frame":{"_class":"rect","constrainProportions":false,"height":26,"width":300,"x":50,"y":189},"isFlippedHorizontal":false,"isFlippedVertical":false,"isLocked":false,"isVisible":true,"layerListExpandedType":0,"name":"Form \/ Legend","nameIsFixed":false,"resizingConstraint":63,"resizingType":0,"rotation":0,"shouldBreakMaskChain":false,"style":{"_class":"style","endDecorationType":0,"miterLimit":10,"startDecorationType":0},"horizontalSpacing":0,"overrideValues":[],"scale":0,"symbolID":"7B7FF161-128D-40F2-93D5-14FA7B151054","verticalSpacing":0},{"_class":"symbolInstance","do_objectID":"82CD89F6-A181-406C-B25B-FEAF2B98F043","exportOptions":{"_class":"exportOptions","exportFormats":[],"includedLayerIds":[],"layerOptions":0,"shouldTrim":false},"frame":{"_class":"rect","constrainProportions":false,"height":19,"width":99,"x":60,"y":533},"isFlippedHorizontal":false,"isFlippedVertical":false,"isLocked":false,"isVisible":true,"layerListExpandedType":0,"name":"Form \/ Radiobutton (Checked)","nameIsFixed":false,"resizingConstraint":63,"resizingType":0,"rotation":0,"shouldBreakMaskChain":false,"style":{"_class":"style","endDecorationType":0,"miterLimit":10,"startDecorationType":0},"horizontalSpacing":0,"overrideValues":[],"scale":0,"symbolID":"1F107F35-E562-4EC4-9D4D-7D54FA0CB18B","verticalSpacing":0},{"_class":"symbolInstance","do_objectID":"C142CF41-34D8-4DD8-A7BA-BE1F64E986A5","exportOptions":{"_class":"exportOptions","exportFormats":[],"includedLayerIds":[],"layerOptions":0,"shouldTrim":false},"frame":{"_class":"rect","constrainProportions":false,"height":19,"width":109,"x":60,"y":558},"isFlippedHorizontal":false,"isFlippedVertical":false,"isLocked":false,"isVisible":true,"layerListExpandedType":0,"name":"Form \/ Radiobutton (Unchecked)","nameIsFixed":false,"resizingConstraint":63,"resizingType":0,"rotation":0,"shouldBreakMaskChain":false,"style":{"_class":"style","endDecorationType":0,"miterLimit":10,"startDecorationType":0},"horizontalSpacing":0,"overrideValues":[],"scale":0,"symbolID":"C80DC1E8-0276-4E8B-99B4-F6F656C799BC","verticalSpacing":0},{"_class":"symbolInstance","do_objectID":"311E3F14-6EAB-4E06-B065-50BE87E17FCF","exportOptions":{"_class":"exportOptions","exportFormats":[],"includedLayerIds":[],"layerOptions":0,"shouldTrim":false},"frame":{"_class":"rect","constrainProportions":false,"height":19,"width":109,"x":60,"y":584},"isFlippedHorizontal":false,"isFlippedVertical":false,"isLocked":false,"isVisible":true,"layerListExpandedType":0,"name":"Form \/ Radiobutton (Unchecked)","nameIsFixed":false,"resizingConstraint":63,"resizingType":0,"rotation":0,"shouldBreakMaskChain":false,"style":{"_class":"style","endDecorationType":0,"miterLimit":10,"startDecorationType":0},"horizontalSpacing":0,"overrideValues":[],"scale":0,"symbolID":"C80DC1E8-0276-4E8B-99B4-F6F656C799BC","verticalSpacing":0},{"_class":"symbolInstance","do_objectID":"1DC7141D-F0D5-4C90-BA77-214370967A24","exportOptions":{"_class":"exportOptions","exportFormats":[],"includedLayerIds":[],"layerOptions":0,"shouldTrim":false},"frame":{"_class":"rect","constrainProportions":false,"height":19,"width":127,"x":60,"y":631},"isFlippedHorizontal":false,"isFlippedVertical":false,"isLocked":false,"isVisible":true,"layerListExpandedType":0,"name":"Form \/ Checkbox (Checked)","nameIsFixed":false,"resizingConstraint":63,"resizingType":0,"rotation":0,"shouldBreakMaskChain":false,"style":{"_class":"style","endDecorationType":0,"miterLimit":10,"startDecorationType":0},"horizontalSpacing":0,"overrideValues":[],"scale":0,"symbolID":"81BC068D-30A4-4C17-8F3B-DC54CEF52CC1","verticalSpacing":0},{"_class":"symbolInstance","do_objectID":"FE94BAD5-2B2B-49EA-9537-925DE2D1B966","exportOptions":{"_class":"exportOptions","exportFormats":[],"includedLayerIds":[],"layerOptions":0,"shouldTrim":false},"frame":{"_class":"rect","constrainProportions":false,"height":19,"width":109,"x":60,"y":656},"isFlippedHorizontal":false,"isFlippedVertical":false,"isLocked":false,"isVisible":true,"layerListExpandedType":0,"name":"Form \/ Checkbox Unchecked","nameIsFixed":false,"resizingConstraint":63,"resizingType":0,"rotation":0,"shouldBreakMaskChain":false,"style":{"_class":"style","endDecorationType":0,"miterLimit":10,"startDecorationType":0},"horizontalSpacing":0,"overrideValues":[],"scale":0,"symbolID":"18DBAD74-3045-4BEC-A3F3-419893DE450C","verticalSpacing":0},{"_class":"symbolInstance","do_objectID":"E89E164C-F37D-476E-8B70-E3288DCDB045","exportOptions":{"_class":"exportOptions","exportFormats":[],"includedLayerIds":[],"layerOptions":0,"shouldTrim":false},"frame":{"_class":"rect","constrainProportions":false,"height":19,"width":109,"x":60,"y":682},"isFlippedHorizontal":false,"isFlippedVertical":false,"isLocked":false,"isVisible":true,"layerListExpandedType":0,"name":"Form \/ Radiobutton (Unchecked)","nameIsFixed":false,"resizingConstraint":63,"resizingType":0,"rotation":0,"shouldBreakMaskChain":false,"style":{"_class":"style","endDecorationType":0,"miterLimit":10,"startDecorationType":0},"horizontalSpacing":0,"overrideValues":[],"scale":0,"symbolID":"18DBAD74-3045-4BEC-A3F3-419893DE450C","verticalSpacing":0},{"_class":"symbolInstance","do_objectID":"304C72BF-3407-48A9-9F3D-4E5490490F72","exportOptions":{"_class":"exportOptions","exportFormats":[],"includedLayerIds":[],"layerOptions":0,"shouldTrim":false},"frame":{"_class":"rect","constrainProportions":false,"height":36,"width":145,"x":378,"y":728},"isFlippedHorizontal":false,"isFlippedVertical":false,"isLocked":false,"isVisible":true,"layerListExpandedType":0,"name":"Button \/ Disabled","nameIsFixed":false,"resizingConstraint":63,"resizingType":0,"rotation":0,"shouldBreakMaskChain":false,"style":{"_class":"style","endDecorationType":0,"miterLimit":10,"startDecorationType":0},"horizontalSpacing":0,"overrideValues":[],"scale":0,"symbolID":"4A2D8231-2208-45FF-ABF0-3E166583B4BC","verticalSpacing":0},{"_class":"symbolInstance","do_objectID":"AEFC681A-24DC-4720-99ED-AE81316E39E8","exportOptions":{"_class":"exportOptions","exportFormats":[],"includedLayerIds":[],"layerOptions":0,"shouldTrim":false},"frame":{"_class":"rect","constrainProportions":false,"height":36,"width":300,"x":380,"y":478},"isFlippedHorizontal":false,"isFlippedVertical":false,"isLocked":false,"isVisible":true,"layerListExpandedType":0,"name":"Form \/ Select (Disabled)","nameIsFixed":false,"resizingConstraint":63,"resizingType":0,"rotation":0,"shouldBreakMaskChain":false,"style":{"_class":"style","endDecorationType":0,"miterLimit":10,"startDecorationType":0},"horizontalSpacing":0,"overrideValues":[],"scale":0,"symbolID":"A1022A88-E697-4918-824C-1606F81600BF","verticalSpacing":0},{"_class":"symbolInstance","do_objectID":"EA205941-FD99-47AB-B3AC-6A93159A584D","exportOptions":{"_class":"exportOptions","exportFormats":[],"includedLayerIds":[],"layerOptions":0,"shouldTrim":false},"frame":{"_class":"rect","constrainProportions":false,"height":36,"width":300,"x":380,"y":386},"isFlippedHorizontal":false,"isFlippedVertical":false,"isLocked":false,"isVisible":true,"layerListExpandedType":0,"name":"Input \/ Text (Disabled)","nameIsFixed":false,"resizingConstraint":63,"resizingType":0,"rotation":0,"shouldBreakMaskChain":false,"style":{"_class":"style","endDecorationType":0,"miterLimit":10,"startDecorationType":0},"horizontalSpacing":0,"overrideValues":[],"scale":0,"symbolID":"CA554AD6-C6D3-44E6-86AE-A74FBB3A31AF","verticalSpacing":0},{"_class":"symbolInstance","do_objectID":"CC31D0D3-AD97-45DF-8115-D63F76A1AEEA","exportOptions":{"_class":"exportOptions","exportFormats":[],"includedLayerIds":[],"layerOptions":0,"shouldTrim":false},"frame":{"_class":"rect","constrainProportions":false,"height":36,"width":300,"x":380,"y":432},"isFlippedHorizontal":false,"isFlippedVertical":false,"isLocked":false,"isVisible":true,"layerListExpandedType":0,"name":"Input \/ Text (Disabled)","nameIsFixed":false,"resizingConstraint":63,"resizingType":0,"rotation":0,"shouldBreakMaskChain":false,"style":{"_class":"style","endDecorationType":0,"miterLimit":10,"startDecorationType":0},"horizontalSpacing":0,"overrideValues":[],"scale":0,"symbolID":"CA554AD6-C6D3-44E6-86AE-A74FBB3A31AF","verticalSpacing":0},{"_class":"symbolInstance","do_objectID":"82E4DFE8-38F7-41A1-8E75-E9CFE0D03D09","exportOptions":{"_class":"exportOptions","exportFormats":[],"includedLayerIds":[],"layerOptions":0,"shouldTrim":false},"frame":{"_class":"rect","constrainProportions":false,"height":146,"width":300,"x":380,"y":230},"isFlippedHorizontal":false,"isFlippedVertical":false,"isLocked":false,"isVisible":true,"layerListExpandedType":0,"name":"Textarea (Disabled)","nameIsFixed":false,"resizingConstraint":63,"resizingType":0,"rotation":0,"shouldBreakMaskChain":false,"style":{"_class":"style","endDecorationType":0,"miterLimit":10,"startDecorationType":0},"horizontalSpacing":0,"overrideValues":[],"scale":0,"symbolID":"69A6EF0E-FBD4-418E-ACD4-45434A3D55ED","verticalSpacing":0},{"_class":"symbolInstance","do_objectID":"28779A2C-AA8E-45EB-80C1-221890D2FB5C","exportOptions":{"_class":"exportOptions","exportFormats":[],"includedLayerIds":[],"layerOptions":0,"shouldTrim":false},"frame":{"_class":"rect","constrainProportions":false,"height":26,"width":300,"x":380,"y":189},"isFlippedHorizontal":false,"isFlippedVertical":false,"isLocked":false,"isVisible":true,"layerListExpandedType":0,"name":"Form \/ Legend","nameIsFixed":false,"resizingConstraint":63,"resizingType":0,"rotation":0,"shouldBreakMaskChain":false,"style":{"_class":"style","endDecorationType":0,"miterLimit":10,"startDecorationType":0},"horizontalSpacing":0,"overrideValues":[{"_class":"overrideValue","overrideName":"75867608-FC5B-41CA-8E2D-AD40E948E287_stringValue","value":"Form Elements (Disabled)"}],"scale":0,"symbolID":"7B7FF161-128D-40F2-93D5-14FA7B151054","verticalSpacing":0},{"_class":"symbolInstance","do_objectID":"6562285E-9C77-42DA-9847-4937079B94D4","exportOptions":{"_class":"exportOptions","exportFormats":[],"includedLayerIds":[],"layerOptions":0,"shouldTrim":false},"frame":{"_class":"rect","constrainProportions":false,"height":19,"width":99,"x":390,"y":532},"isFlippedHorizontal":false,"isFlippedVertical":false,"isLocked":false,"isVisible":true,"layerListExpandedType":0,"name":"Form \/ Radio Checked (Disabled)","nameIsFixed":false,"resizingConstraint":63,"resizingType":0,"rotation":0,"shouldBreakMaskChain":false,"style":{"_class":"style","endDecorationType":0,"miterLimit":10,"startDecorationType":0},"horizontalSpacing":0,"overrideValues":[],"scale":0,"symbolID":"465F5F9D-B57A-4D30-96E2-BC26833C83A1","verticalSpacing":0},{"_class":"symbolInstance","do_objectID":"DEE70CD4-5D63-4536-BF02-0C613F3C47A9","exportOptions":{"_class":"exportOptions","exportFormats":[],"includedLayerIds":[],"layerOptions":0,"shouldTrim":false},"frame":{"_class":"rect","constrainProportions":false,"height":19,"width":99,"x":390,"y":558},"isFlippedHorizontal":false,"isFlippedVertical":false,"isLocked":false,"isVisible":true,"layerListExpandedType":0,"name":"Form \/ Radio Unchecked (Disabled)","nameIsFixed":false,"resizingConstraint":63,"resizingType":0,"rotation":0,"shouldBreakMaskChain":false,"style":{"_class":"style","endDecorationType":0,"miterLimit":10,"startDecorationType":0},"horizontalSpacing":0,"overrideValues":[],"scale":0,"symbolID":"0630CF2E-51BD-42FB-BC8E-359D004520DC","verticalSpacing":0},{"_class":"symbolInstance","do_objectID":"84387F08-ACC6-43AE-8A94-B66DB20DDB48","exportOptions":{"_class":"exportOptions","exportFormats":[],"includedLayerIds":[],"layerOptions":0,"shouldTrim":false},"frame":{"_class":"rect","constrainProportions":false,"height":19,"width":99,"x":390,"y":584},"isFlippedHorizontal":false,"isFlippedVertical":false,"isLocked":false,"isVisible":true,"layerListExpandedType":0,"name":"Form \/ Radio Unchecked (Disabled) 2","nameIsFixed":false,"resizingConstraint":63,"resizingType":0,"rotation":0,"shouldBreakMaskChain":false,"style":{"_class":"style","endDecorationType":0,"miterLimit":10,"startDecorationType":0},"horizontalSpacing":0,"overrideValues":[],"scale":0,"symbolID":"0630CF2E-51BD-42FB-BC8E-359D004520DC","verticalSpacing":0},{"_class":"symbolInstance","do_objectID":"E4B559C2-469B-4AE3-B9D8-52B2F891DF17","exportOptions":{"_class":"exportOptions","exportFormats":[],"includedLayerIds":[],"layerOptions":0,"shouldTrim":false},"frame":{"_class":"rect","constrainProportions":false,"height":19,"width":127,"x":390,"y":631},"isFlippedHorizontal":false,"isFlippedVertical":false,"isLocked":false,"isVisible":true,"layerListExpandedType":0,"name":"Form \/ Checkbox Checked (Disabled)","nameIsFixed":false,"resizingConstraint":63,"resizingType":0,"rotation":0,"shouldBreakMaskChain":false,"style":{"_class":"style","endDecorationType":0,"miterLimit":10,"startDecorationType":0},"horizontalSpacing":0,"overrideValues":[],"scale":0,"symbolID":"B398F3AB-D5B2-4D50-8358-98801DF15C76","verticalSpacing":0},{"_class":"symbolInstance","do_objectID":"1B2217CC-A61F-443B-92B1-349C3D81FA31","exportOptions":{"_class":"exportOptions","exportFormats":[],"includedLayerIds":[],"layerOptions":0,"shouldTrim":false},"frame":{"_class":"rect","constrainProportions":false,"height":19,"width":127,"x":390,"y":656},"isFlippedHorizontal":false,"isFlippedVertical":false,"isLocked":false,"isVisible":true,"layerListExpandedType":0,"name":"Form \/ Checkbox Unchecked (Disabled)","nameIsFixed":false,"resizingConstraint":63,"resizingType":0,"rotation":0,"shouldBreakMaskChain":false,"style":{"_class":"style","endDecorationType":0,"miterLimit":10,"startDecorationType":0},"horizontalSpacing":0,"overrideValues":[],"scale":0,"symbolID":"19D0E3AD-C2D2-437A-A905-A473F473312F","verticalSpacing":0},{"_class":"symbolInstance","do_objectID":"37A7FBC3-902E-49CD-B997-0B4311405D2B","exportOptions":{"_class":"exportOptions","exportFormats":[],"includedLayerIds":[],"layerOptions":0,"shouldTrim":false},"frame":{"_class":"rect","constrainProportions":false,"height":19,"width":127,"x":390,"y":682},"isFlippedHorizontal":false,"isFlippedVertical":false,"isLocked":false,"isVisible":true,"layerListExpandedType":0,"name":"Form \/ Radiobutton (Unchecked)","nameIsFixed":false,"resizingConstraint":63,"resizingType":0,"rotation":0,"shouldBreakMaskChain":false,"style":{"_class":"style","endDecorationType":0,"miterLimit":10,"startDecorationType":0},"horizontalSpacing":0,"overrideValues":[],"scale":0,"symbolID":"19D0E3AD-C2D2-437A-A905-A473F473312F","verticalSpacing":0}],"backgroundColor":{"_class":"color","alpha":1,"blue":1,"green":1,"red":1},"grid":{"_class":"simpleGrid","isEnabled":false,"gridSize":20,"thickGridTimes":10},"hasBackgroundColor":false,"horizontalRulerData":{"_class":"rulerData","base":0,"guides":[]},"includeBackgroundColorInExport":true,"includeInCloudUpload":true,"isFlowHome":false,"presetDictionary":{"allowResizedMatching":0,"offersLandscapeVariant":0,"width":1440,"height":1024,"name":"Desktop HD"},"resizesContent":false,"verticalRulerData":{"_class":"rulerData","base":0,"guides":[]}}],"grid":{"_class":"simpleGrid","isEnabled":false,"gridSize":20,"thickGridTimes":10},"horizontalRulerData":{"_class":"rulerData","base":-342,"guides":[]},"includeInCloudUpload":true,"verticalRulerData":{"_class":"rulerData","base":-189,"guides":[]}}