{"_class":"document","do_objectID":"EFF38AE8-E06B-4C58-87F0-2771D1A12034","assets":{"_class":"assetCollection","colors":[],"gradients":[],"imageCollection":{"_class":"imageCollection","images":{}},"images":[]},"colorSpace":0,"currentPageIndex":0,"foreignLayerStyles":[],"foreignSymbols":[],"foreignTextStyles":[],"layerStyles":{"_class":"sharedStyleContainer","objects":[{"_class":"sharedStyle","do_objectID":"E981F8DD-40D3-4425-8F2B-7C48C474A327","name":"Input Background","value":{"_class":"style","borders":[{"_class":"border","isEnabled":true,"color":{"_class":"color","alpha":1,"blue":0.592,"green":0.592,"red":0.592},"fillType":0,"position":1,"thickness":1}],"endDecorationType":0,"fills":[{"_class":"fill","isEnabled":true,"color":{"_class":"color","alpha":1,"blue":1,"green":0.9999365210533142,"red":1},"fillType":0,"noiseIndex":0,"noiseIntensity":0,"patternFillType":0,"patternTileScale":1}],"innerShadows":[{"_class":"innerShadow","isEnabled":true,"blurRadius":3,"color":{"_class":"color","alpha":0.5,"blue":0,"green":0,"red":0},"contextSettings":{"_class":"graphicsContextSettings","blendMode":0,"opacity":1},"offsetX":0,"offsetY":1,"spread":0}],"miterLimit":10,"sharedObjectID":"E981F8DD-40D3-4425-8F2B-7C48C474A327","startDecorationType":0}},{"_class":"sharedStyle","do_objectID":"792D1CCF-6CA8-470D-AEB9-A472CAB4446E","name":"Disabled","value":{"_class":"style","borders":[{"_class":"border","isEnabled":true,"color":{"_class":"color","alpha":1,"blue":0.847,"green":0.847,"red":0.847},"fillType":0,"position":1,"thickness":1}],"endDecorationType":0,"fills":[{"_class":"fill","isEnabled":true,"color":{"_class":"color","alpha":1,"blue":1,"green":0.9999365210533142,"red":1},"fillType":0,"gradient":{"_class":"gradient","elipseLength":1,"from":"{0.5, 0}","gradientType":0,"stops":[{"_class":"gradientStop","color":{"_class":"color","alpha":1,"blue":0.847,"green":0.847,"red":0.847},"position":0},{"_class":"gradientStop","color":{"_class":"color","alpha":1,"blue":0.7333333333333333,"green":0.7333333333333333,"red":0.7333333333333333},"position":1}],"to":"{0.5, 1}"},"noiseIndex":0,"noiseIntensity":0,"patternFillType":0,"patternTileScale":1}],"miterLimit":10,"sharedObjectID":"792D1CCF-6CA8-470D-AEB9-A472CAB4446E","startDecorationType":0}},{"_class":"sharedStyle","do_objectID":"66EF33A0-2B8C-4125-8428-6F0FC410D6BE","name":"Callout : Background","value":{"_class":"style","endDecorationType":0,"fills":[{"_class":"fill","isEnabled":true,"color":{"_class":"color","alpha":1,"blue":0.1385422945022583,"green":0.6503673195838928,"red":0.9617109894752502},"fillType":0,"noiseIndex":0,"noiseIntensity":0,"patternFillType":0,"patternTileScale":1}],"miterLimit":10,"sharedObjectID":"66EF33A0-2B8C-4125-8428-6F0FC410D6BE","startDecorationType":0}},{"_class":"sharedStyle","do_objectID":"CD23D684-B888-49F2-B1B3-9ABC82E58A53","name":"Accent Fill","value":{"_class":"style","borders":[{"_class":"border","isEnabled":false,"color":{"_class":"color","alpha":1,"blue":0.592,"green":0.592,"red":0.592},"fillType":0,"position":1,"thickness":1}],"endDecorationType":0,"fills":[{"_class":"fill","isEnabled":true,"color":{"_class":"color","alpha":1,"blue":0.886238694190979,"green":0.5645518898963928,"red":0.288655698299408},"fillType":0,"noiseIndex":0,"noiseIntensity":0,"patternFillType":0,"patternTileScale":1}],"miterLimit":10,"sharedObjectID":"CD23D684-B888-49F2-B1B3-9ABC82E58A53","startDecorationType":0}},{"_class":"sharedStyle","do_objectID":"1E0295C7-D9B6-4441-AC76-323E05EA2879","name":"Accent Border","value":{"_class":"style","borders":[{"_class":"border","isEnabled":true,"color":{"_class":"color","alpha":1,"blue":0.886238694190979,"green":0.5645518898963927,"red":0.288655698299408},"fillType":0,"position":1,"thickness":1}],"endDecorationType":0,"fills":[{"_class":"fill","isEnabled":true,"color":{"_class":"color","alpha":1,"blue":1,"green":0.9999365210533142,"red":1},"fillType":0,"noiseIndex":0,"noiseIntensity":0,"patternFillType":0,"patternTileScale":1}],"miterLimit":10,"sharedObjectID":"1E0295C7-D9B6-4441-AC76-323E05EA2879","startDecorationType":0}},{"_class":"sharedStyle","do_objectID":"8A4C865E-D254-450B-8278-2CA585606208","name":"Accent Highlight","value":{"_class":"style","borders":[{"_class":"border","isEnabled":true,"color":{"_class":"color","alpha":1,"blue":0.886238694190979,"green":0.5645518898963927,"red":0.288655698299408},"fillType":0,"position":1,"thickness":1}],"endDecorationType":0,"fills":[{"_class":"fill","isEnabled":true,"color":{"_class":"color","alpha":1,"blue":1,"green":0.9999365210533142,"red":1},"fillType":0,"noiseIndex":0,"noiseIntensity":0,"patternFillType":0,"patternTileScale":1}],"miterLimit":10,"shadows":[{"_class":"shadow","isEnabled":true,"blurRadius":2,"color":{"_class":"color","alpha":0.7029813878676471,"blue":0.886238694190979,"green":0.5645518898963927,"red":0.288655698299408},"contextSettings":{"_class":"graphicsContextSettings","blendMode":0,"opacity":1},"offsetX":0,"offsetY":0,"spread":0}],"sharedObjectID":"8A4C865E-D254-450B-8278-2CA585606208","startDecorationType":0}},{"_class":"sharedStyle","do_objectID":"C3D86761-DAF8-47FE-B244-293DF181A440","name":"Error Highlight","value":{"_class":"style","borders":[{"_class":"border","isEnabled":true,"color":{"_class":"color","alpha":1,"blue":0.1066960170865059,"green":0.007513228338211775,"red":0.816203773021698},"fillType":0,"position":1,"thickness":1}],"endDecorationType":0,"fills":[{"_class":"fill","isEnabled":true,"color":{"_class":"color","alpha":1,"blue":1,"green":0.9999365210533142,"red":1},"fillType":0,"noiseIndex":0,"noiseIntensity":0,"patternFillType":0,"patternTileScale":1}],"miterLimit":10,"shadows":[{"_class":"shadow","isEnabled":true,"blurRadius":2,"color":{"_class":"color","alpha":0.7040441176470589,"blue":0.1066960170865062,"green":0.00751322833821177,"red":0.816203773021698},"contextSettings":{"_class":"graphicsContextSettings","blendMode":0,"opacity":1},"offsetX":0,"offsetY":0,"spread":0}],"sharedObjectID":"C3D86761-DAF8-47FE-B244-293DF181A440","startDecorationType":0}},{"_class":"sharedStyle","do_objectID":"6767DECE-F7A1-4C81-880C-2014B9455608","name":"Error Border","value":{"_class":"style","borders":[{"_class":"border","isEnabled":true,"color":{"_class":"color","alpha":1,"blue":0.1066960170865059,"green":0.007513228338211775,"red":0.816203773021698},"fillType":0,"position":1,"thickness":1}],"endDecorationType":0,"fills":[{"_class":"fill","isEnabled":true,"color":{"_class":"color","alpha":1,"blue":1,"green":0.9999365210533142,"red":1},"fillType":0,"noiseIndex":0,"noiseIntensity":0,"patternFillType":0,"patternTileScale":1}],"miterLimit":10,"sharedObjectID":"6767DECE-F7A1-4C81-880C-2014B9455608","startDecorationType":0}},{"_class":"sharedStyle","do_objectID":"E557BA29-926D-45A1-8EA2-91C227532970","name":"Error Fill","value":{"_class":"style","endDecorationType":0,"fills":[{"_class":"fill","isEnabled":true,"color":{"_class":"color","alpha":1,"blue":0.1066960170865059,"green":0.007513228338211775,"red":0.816203773021698},"fillType":0,"noiseIndex":0,"noiseIntensity":0,"patternFillType":0,"patternTileScale":1}],"miterLimit":10,"sharedObjectID":"E557BA29-926D-45A1-8EA2-91C227532970","startDecorationType":0}},{"_class":"sharedStyle","do_objectID":"79EB0E73-D865-492B-BD05-F60DF200EA1F","name":"Accent Gradient","value":{"_class":"style","borders":[{"_class":"border","isEnabled":false,"color":{"_class":"color","alpha":1,"blue":0.592,"green":0.592,"red":0.592},"fillType":0,"position":1,"thickness":1}],"endDecorationType":0,"fills":[{"_class":"fill","isEnabled":true,"color":{"_class":"color","alpha":1,"blue":0.886238694190979,"green":0.5645518898963928,"red":0.288655698299408},"fillType":1,"gradient":{"_class":"gradient","elipseLength":1,"from":"{0.5, 0}","gradientType":0,"stops":[{"_class":"gradientStop","color":{"_class":"color","alpha":1,"blue":1,"green":0.6426666666666667,"red":0.33},"position":0},{"_class":"gradientStop","color":{"_class":"color","alpha":1,"blue":0.8,"green":0.5141333333333334,"red":0.264},"position":1}],"to":"{0.5, 1}"},"noiseIndex":0,"noiseIntensity":0,"patternFillType":0,"patternTileScale":1}],"miterLimit":10,"sharedObjectID":"79EB0E73-D865-492B-BD05-F60DF200EA1F","startDecorationType":0}},{"_class":"sharedStyle","do_objectID":"EC54B48F-769B-4315-B4B4-8131F5F5737F","name":"Button","value":{"_class":"style","borders":[{"_class":"border","isEnabled":true,"color":{"_class":"color","alpha":1,"blue":0.592,"green":0.592,"red":0.592},"fillType":0,"position":1,"thickness":1}],"endDecorationType":0,"fills":[{"_class":"fill","isEnabled":true,"color":{"_class":"color","alpha":1,"blue":0.847,"green":0.847,"red":0.847},"fillType":1,"gradient":{"_class":"gradient","elipseLength":1,"from":"{0.5, 0}","gradientType":0,"stops":[{"_class":"gradientStop","color":{"_class":"color","alpha":1,"blue":0.9500000000000001,"green":0.9500000000000001,"red":0.9500000000000001},"position":0},{"_class":"gradientStop","color":{"_class":"color","alpha":1,"blue":0.8300000000000001,"green":0.8300000000000001,"red":0.8300000000000001},"position":1}],"to":"{0.5, 1}"},"noiseIndex":0,"noiseIntensity":0,"patternFillType":0,"patternTileScale":1}],"innerShadows":[{"_class":"innerShadow","isEnabled":true,"blurRadius":0,"color":{"_class":"color","alpha":1,"blue":1,"green":0.9999365210533142,"red":1},"contextSettings":{"_class":"graphicsContextSettings","blendMode":0,"opacity":1},"offsetX":0,"offsetY":2,"spread":0}],"miterLimit":10,"shadows":[{"_class":"shadow","isEnabled":true,"blurRadius":2,"color":{"_class":"color","alpha":0.1957720588235294,"blue":0,"green":0,"red":0},"contextSettings":{"_class":"graphicsContextSettings","blendMode":0,"opacity":1},"offsetX":0,"offsetY":1,"spread":0}],"sharedObjectID":"EC54B48F-769B-4315-B4B4-8131F5F5737F","startDecorationType":0}},{"_class":"sharedStyle","do_objectID":"B61768FD-7C0A-445E-B273-F1458A36FDAA","name":"BG Blur Black","value":{"_class":"style","blur":{"_class":"blur","isEnabled":true,"center":"{0.5, 0.5}","motionAngle":0,"radius":40,"type":3},"borders":[{"_class":"border","isEnabled":false,"color":{"_class":"color","alpha":1,"blue":0.592,"green":0.592,"red":0.592},"fillType":0,"position":1,"thickness":1}],"endDecorationType":0,"fills":[{"_class":"fill","isEnabled":true,"color":{"_class":"color","alpha":0.7000000000000001,"blue":0,"green":0,"red":0},"fillType":0,"noiseIndex":0,"noiseIntensity":0,"patternFillType":0,"patternTileScale":1}],"miterLimit":10,"sharedObjectID":"B61768FD-7C0A-445E-B273-F1458A36FDAA","startDecorationType":0}}]},"layerSymbols":{"_class":"symbolContainer","objects":[]},"layerTextStyles":{"_class":"sharedTextStyleContainer","objects":[{"_class":"sharedStyle","do_objectID":"BDBAF8AD-ABBB-4692-9D24-047D3952F6CB","name":"Form: Button Label","value":{"_class":"style","endDecorationType":0,"miterLimit":10,"shadows":[{"_class":"shadow","isEnabled":true,"blurRadius":0,"color":{"_class":"color","alpha":1,"blue":1,"green":0.9999365210533142,"red":1},"contextSettings":{"_class":"graphicsContextSettings","blendMode":0,"opacity":1},"offsetX":0,"offsetY":1,"spread":0}],"sharedObjectID":"BDBAF8AD-ABBB-4692-9D24-047D3952F6CB","startDecorationType":0,"textStyle":{"_class":"textStyle","encodedAttributes":{"MSAttributedStringFontAttribute":{"_class":"fontDescriptor","attributes":{"name":"AvenirNext-Bold","size":14}},"kerning":0,"MSAttributedStringColorAttribute":{"_class":"color","alpha":1,"blue":0.2902374566,"green":0.2901752889,"red":0.2902216315},"paragraphStyle":{"_class":"paragraphStyle","alignment":2,"allowsDefaultTighteningForTruncation":0}},"verticalAlignment":0}}},{"_class":"sharedStyle","do_objectID":"3B18D2E6-0408-4BE8-A421-3389FB69D6D4","name":"Form: Button Label (Disabled)","value":{"_class":"style","endDecorationType":0,"miterLimit":10,"sharedObjectID":"3B18D2E6-0408-4BE8-A421-3389FB69D6D4","startDecorationType":0,"textStyle":{"_class":"textStyle","encodedAttributes":{"MSAttributedStringFontAttribute":{"_class":"fontDescriptor","attributes":{"name":"AvenirNext-Bold","size":14}},"kerning":-0.38,"MSAttributedStringColorAttribute":{"_class":"color","alpha":1,"blue":0.7333333332999999,"green":0.7333333332999999,"red":0.7333333332999999},"paragraphStyle":{"_class":"paragraphStyle","alignment":2,"allowsDefaultTighteningForTruncation":0}},"verticalAlignment":0}}},{"_class":"sharedStyle","do_objectID":"DE7F560C-07DF-4A7C-A810-A51472C0BB67","name":"Text: Body","value":{"_class":"style","endDecorationType":0,"miterLimit":10,"sharedObjectID":"DE7F560C-07DF-4A7C-A810-A51472C0BB67","startDecorationType":0,"textStyle":{"_class":"textStyle","encodedAttributes":{"MSAttributedStringFontAttribute":{"_class":"fontDescriptor","attributes":{"name":"AvenirNext-Regular","size":14}},"MSAttributedStringColorAttribute":{"_class":"color","alpha":1,"blue":0.2902374566,"green":0.2901752889,"red":0.2902216315},"paragraphStyle":{"_class":"paragraphStyle","maximumLineHeight":20,"minimumLineHeight":20,"paragraphSpacing":10,"allowsDefaultTighteningForTruncation":0}},"verticalAlignment":0}}},{"_class":"sharedStyle","do_objectID":"D6205E2D-54D4-4A5C-A7E4-E1E62615B61D","name":"Form: Input (Disabled)","value":{"_class":"style","endDecorationType":0,"miterLimit":10,"sharedObjectID":"D6205E2D-54D4-4A5C-A7E4-E1E62615B61D","startDecorationType":0,"textStyle":{"_class":"textStyle","encodedAttributes":{"MSAttributedStringFontAttribute":{"_class":"fontDescriptor","attributes":{"name":"AvenirNext-Regular","size":14}},"MSAttributedStringColorAttribute":{"_class":"color","alpha":1,"blue":0.7333333332999999,"green":0.7333333332999999,"red":0.7333333332999999},"paragraphStyle":{"_class":"paragraphStyle","allowsDefaultTighteningForTruncation":0}},"verticalAlignment":0}}},{"_class":"sharedStyle","do_objectID":"8ED1DFDF-DFF2-42D1-BD43-3558439A68F3","name":"Text: H1","value":{"_class":"style","endDecorationType":0,"miterLimit":10,"sharedObjectID":"8ED1DFDF-DFF2-42D1-BD43-3558439A68F3","startDecorationType":0,"textStyle":{"_class":"textStyle","encodedAttributes":{"MSAttributedStringFontAttribute":{"_class":"fontDescriptor","attributes":{"name":"AvenirNext-Bold","size":36}},"MSAttributedStringColorAttribute":{"_class":"color","alpha":1,"blue":0.2902374566,"green":0.2901752889,"red":0.2902216315},"paragraphStyle":{"_class":"paragraphStyle","allowsDefaultTighteningForTruncation":0}},"verticalAlignment":0}}},{"_class":"sharedStyle","do_objectID":"8AB6138B-0662-4B06-827B-BC9D597013EC","name":"Text: H2","value":{"_class":"style","endDecorationType":0,"miterLimit":10,"sharedObjectID":"8AB6138B-0662-4B06-827B-BC9D597013EC","startDecorationType":0,"textStyle":{"_class":"textStyle","encodedAttributes":{"MSAttributedStringFontAttribute":{"_class":"fontDescriptor","attributes":{"name":"AvenirNext-Bold","size":30}},"MSAttributedStringColorAttribute":{"_class":"color","alpha":1,"blue":0.2902374566,"green":0.2901752889,"red":0.2902216315},"paragraphStyle":{"_class":"paragraphStyle","allowsDefaultTighteningForTruncation":0}},"verticalAlignment":0}}},{"_class":"sharedStyle","do_objectID":"C08D5B10-28BB-4AA5-9F36-9F3877518885","name":"Text: H3","value":{"_class":"style","endDecorationType":0,"miterLimit":10,"sharedObjectID":"C08D5B10-28BB-4AA5-9F36-9F3877518885","startDecorationType":0,"textStyle":{"_class":"textStyle","encodedAttributes":{"MSAttributedStringFontAttribute":{"_class":"fontDescriptor","attributes":{"name":"AvenirNext-Bold","size":24}},"MSAttributedStringColorAttribute":{"_class":"color","alpha":1,"blue":0.2902374566,"green":0.2901752889,"red":0.2902216315},"paragraphStyle":{"_class":"paragraphStyle","allowsDefaultTighteningForTruncation":0}},"verticalAlignment":0}}},{"_class":"sharedStyle","do_objectID":"7E35A188-1B6D-42AF-819F-00C2E806C6DE","name":"Text: H4","value":{"_class":"style","endDecorationType":0,"miterLimit":10,"sharedObjectID":"7E35A188-1B6D-42AF-819F-00C2E806C6DE","startDecorationType":0,"textStyle":{"_class":"textStyle","encodedAttributes":{"MSAttributedStringFontAttribute":{"_class":"fontDescriptor","attributes":{"name":"AvenirNext-Bold","size":20}},"MSAttributedStringColorAttribute":{"_class":"color","alpha":1,"blue":0.2902374566,"green":0.2901752889,"red":0.2902216315},"paragraphStyle":{"_class":"paragraphStyle","allowsDefaultTighteningForTruncation":0}},"verticalAlignment":0}}},{"_class":"sharedStyle","do_objectID":"2DB49A5D-23ED-4A70-9C09-70FDAF1FD883","name":"Form : Legend","value":{"_class":"style","endDecorationType":0,"miterLimit":10,"sharedObjectID":"2DB49A5D-23ED-4A70-9C09-70FDAF1FD883","startDecorationType":0,"textStyle":{"_class":"textStyle","encodedAttributes":{"MSAttributedStringFontAttribute":{"_class":"fontDescriptor","attributes":{"name":"AvenirNext-Medium","size":16}},"MSAttributedStringColorAttribute":{"_class":"color","alpha":1,"blue":0.2902374566,"green":0.2901752889,"red":0.2902216315},"paragraphStyle":{"_class":"paragraphStyle","allowsDefaultTighteningForTruncation":0}},"verticalAlignment":0}}},{"_class":"sharedStyle","do_objectID":"31ED1764-6ADD-4060-87F0-2401E770D48B","name":"Form: Input","value":{"_class":"style","endDecorationType":0,"miterLimit":10,"sharedObjectID":"31ED1764-6ADD-4060-87F0-2401E770D48B","startDecorationType":0,"textStyle":{"_class":"textStyle","encodedAttributes":{"MSAttributedStringFontAttribute":{"_class":"fontDescriptor","attributes":{"name":"AvenirNext-Regular","size":14}},"MSAttributedStringColorAttribute":{"_class":"color","alpha":1,"blue":0.2902374566,"green":0.2901752889,"red":0.2902216315},"paragraphStyle":{"_class":"paragraphStyle","allowsDefaultTighteningForTruncation":0}},"verticalAlignment":0}}},{"_class":"sharedStyle","do_objectID":"BDF19CAC-7C81-4520-BFB7-92591D3F2280","name":"Form: Button Label Secondary","value":{"_class":"style","endDecorationType":0,"miterLimit":10,"shadows":[{"_class":"shadow","isEnabled":true,"blurRadius":0,"color":{"_class":"color","alpha":0.4981617647058824,"blue":1,"green":0.9999365210533142,"red":1},"contextSettings":{"_class":"graphicsContextSettings","blendMode":0,"opacity":1},"offsetX":0,"offsetY":1,"spread":0}],"sharedObjectID":"BDF19CAC-7C81-4520-BFB7-92591D3F2280","startDecorationType":0,"textStyle":{"_class":"textStyle","encodedAttributes":{"MSAttributedStringFontAttribute":{"_class":"fontDescriptor","attributes":{"name":"AvenirNext-Regular","size":14}},"kerning":0,"MSAttributedStringColorAttribute":{"_class":"color","alpha":1,"blue":0.2902374566,"green":0.2901752889,"red":0.2902216315},"paragraphStyle":{"_class":"paragraphStyle","alignment":2,"allowsDefaultTighteningForTruncation":0}},"verticalAlignment":0}}},{"_class":"sharedStyle","do_objectID":"3A3DFC5E-336C-4230-AD9C-62BAFCF3FA20","name":"Form: Button Label Secondary (Disabled)","value":{"_class":"style","endDecorationType":0,"miterLimit":10,"shadows":[{"_class":"shadow","isEnabled":true,"blurRadius":0,"color":{"_class":"color","alpha":0.4981617647058824,"blue":1,"green":0.9999365210533142,"red":1},"contextSettings":{"_class":"graphicsContextSettings","blendMode":0,"opacity":1},"offsetX":0,"offsetY":1,"spread":0}],"sharedObjectID":"3A3DFC5E-336C-4230-AD9C-62BAFCF3FA20","startDecorationType":0,"textStyle":{"_class":"textStyle","encodedAttributes":{"MSAttributedStringFontAttribute":{"_class":"fontDescriptor","attributes":{"name":"AvenirNext-Regular","size":14}},"kerning":0,"MSAttributedStringColorAttribute":{"_class":"color","alpha":1,"blue":0.7333333332999999,"green":0.7333333332999999,"red":0.7333333332999999},"paragraphStyle":{"_class":"paragraphStyle","alignment":2,"allowsDefaultTighteningForTruncation":0}},"verticalAlignment":0}}},{"_class":"sharedStyle","do_objectID":"A47FC806-7585-4E90-8E5E-357469B83E55","name":"Text: Small Text","value":{"_class":"style","endDecorationType":0,"miterLimit":10,"sharedObjectID":"A47FC806-7585-4E90-8E5E-357469B83E55","startDecorationType":0,"textStyle":{"_class":"textStyle","encodedAttributes":{"MSAttributedStringFontAttribute":{"_class":"fontDescriptor","attributes":{"name":"AvenirNext-Regular","size":10}},"MSAttributedStringColorAttribute":{"_class":"color","alpha":1,"blue":0.2902374566,"green":0.2901752889,"red":0.2902216315},"paragraphStyle":{"_class":"paragraphStyle","maximumLineHeight":15,"minimumLineHeight":15,"paragraphSpacing":10,"allowsDefaultTighteningForTruncation":0}},"verticalAlignment":0}}},{"_class":"sharedStyle","do_objectID":"17DEBC2B-4F49-4824-AE4D-D06C4A26C955","name":"Text: Introduction Text","value":{"_class":"style","endDecorationType":0,"miterLimit":10,"sharedObjectID":"17DEBC2B-4F49-4824-AE4D-D06C4A26C955","startDecorationType":0,"textStyle":{"_class":"textStyle","encodedAttributes":{"MSAttributedStringFontAttribute":{"_class":"fontDescriptor","attributes":{"name":"AvenirNext-Regular","size":18}},"MSAttributedStringColorAttribute":{"_class":"color","alpha":1,"blue":0.2902374566,"green":0.2901752889,"red":0.2902216315},"paragraphStyle":{"_class":"paragraphStyle","maximumLineHeight":26,"minimumLineHeight":26,"allowsDefaultTighteningForTruncation":0}},"verticalAlignment":0}}},{"_class":"sharedStyle","do_objectID":"20706168-94A6-49A4-82DA-E3E29163235F","name":"Text: Quote","value":{"_class":"style","endDecorationType":0,"miterLimit":10,"sharedObjectID":"20706168-94A6-49A4-82DA-E3E29163235F","startDecorationType":0,"textStyle":{"_class":"textStyle","encodedAttributes":{"MSAttributedStringFontAttribute":{"_class":"fontDescriptor","attributes":{"name":"Palatino-Italic","size":24}},"MSAttributedStringColorAttribute":{"_class":"color","alpha":1,"blue":0.2902374566,"green":0.2901752889,"red":0.2902216315},"paragraphStyle":{"_class":"paragraphStyle","alignment":2,"maximumLineHeight":34,"minimumLineHeight":34,"allowsDefaultTighteningForTruncation":0}},"verticalAlignment":0}}}]},"pages":[{"_class":"MSJSONFileReference","_ref_class":"MSImmutablePage","_ref":"pages\/68CDDB49-B3DF-45AD-BC24-925DD374EFBF"},{"_class":"MSJSONFileReference","_ref_class":"MSImmutablePage","_ref":"pages\/A5F9C7C0-DB17-4286-9326-D43B025374D0"},{"_class":"MSJSONFileReference","_ref_class":"MSImmutablePage","_ref":"pages\/9282CB9D-4A25-4DBE-A600-2A3B0320FAA9"}]}