{"commit":"4e7e2f5d7940a711b59f89190b5b7e3029f050f5","pagesAndArtboards":{"68CDDB49-B3DF-45AD-BC24-925DD374EFBF":{"name":"Welcome","artboards":{"91380A63-ABB9-4F72-A5EC-A05FEE5E4E1E":{"name":"Tablet Portrait"},"AC13CA81-ABEE-4545-B5D1-9AE375C39D72":{"name":"Desktop HD"},"18BCDB12-25D5-4772-8CA6-5ACF8307AE3C":{"name":"Desktop"},"597A7F9B-FCE5-4E82-9AFD-5D0C92880A2B":{"name":"Mobile Portrait"}}},"A5F9C7C0-DB17-4286-9326-D43B025374D0":{"name":"Symbols","artboards":{"4C6E3031-D406-43C9-AA5D-59FC28004816":{"name":"Notes"},"77F4CC71-AAF0-495C-92CC-9F3546681D23":{"name":"Typography"},"4C8270D4-A4F6-4181-9F35-785BBCB6C47E":{"name":"Forms"}}},"9282CB9D-4A25-4DBE-A600-2A3B0320FAA9":{"name":"Symbols","artboards":{"61EBE7E6-BEBD-410D-91E9-81655536B4D7":{"name":"Checkbox \/ Checked"},"52914EC7-5D56-4C88-9139-F15AF2360A86":{"name":"Input \/ Textarea (Disabled)"},"11D77A26-4B91-469C-838F-FE86499DC333":{"name":"Input \/ Text (Placeholder)"},"97E472D6-05E1-4BE4-AF56-353A7AAD19B0":{"name":"Radio \/ Unchecked (Disabled)"},"D5E9B141-5A00-429E-86CC-4C040CBB5E03":{"name":"Notes \/ Callout SW"},"7C353B49-4051-491C-84C2-B1BD3EA55949":{"name":"Input \/ Text (Error)"},"02372867-011A-41C4-8771-8E3F0386E6B0":{"name":"Notes \/ Callout W"},"A2D2D8A0-E2FA-4CF0-955C-454AE4A5B00D":{"name":"Input \/ Text"},"A22C0CDC-8934-4770-9B2A-F01087965603":{"name":"Input \/ Text (Focus)"},"B357779A-2353-41E8-B1BC-6F55AA1CF34C":{"name":"Input \/ Textarea"},"34399900-E6B4-464B-A57C-185CA75854B8":{"name":"Radio \/ Checked"},"C52CAD65-FF55-4523-823F-0F75DC08335B":{"name":"Notes \/ Callout"},"1A69C17A-17D7-4111-A2C8-D0D5F1ECC030":{"name":"Select \/ Select (Disabled)"},"EEAF68E1-35F7-423F-A9B8-0818496907A7":{"name":"Checkbox \/ Checked (Disabled)"},"90928FE8-12CA-4D65-B7C0-C4A9A00BE382":{"name":"Notes \/ Callout SE"},"D9FD2D4D-0A42-41EE-B45A-C407D156105F":{"name":"Checkbox \/ Unchecked"},"BD3F216C-4FA6-46C6-BF62-78BC60073225":{"name":"Buttons \/ Secondary (Disabled)"},"6591F2C0-9496-46E7-8B60-9E7DC9B2C7EC":{"name":"Buttons \/ Secondary"},"1B41A1F6-EF99-44D5-B620-D89E1AD1AD0A":{"name":"Notes \/ Callout NW"},"741A11F9-E2ED-4AC1-8D42-D0D986E70B11":{"name":"Checkbox \/ Unchecked (Disabled)"},"4C2ECE6E-3AF1-4D6E-997F-2D5EC08EC625":{"name":"Radio \/ Checked (Disabled)"},"75AC1947-8E4D-4B22-BC6F-54614BDE5A02":{"name":"Buttons \/ Primary"},"054F5491-0DDB-4CA2-BB77-03983B77088E":{"name":"Input \/ Textarea (Error)"},"4122ACDD-928A-4C87-A0DE-A824A9F6A53D":{"name":"Input \/ Text (Disabled)"},"2EF693D0-A9C8-48DB-9E96-500101BB77CE":{"name":"Notes \/ Callout E"},"9B82DE1A-E192-474A-A478-AEDBAEB82D27":{"name":"Input \/ Textarea (Focus)"},"11BBD950-758A-4966-8C4A-82B5810E0561":{"name":"Notes \/ Callout N"},"5B3AF1BD-297E-45ED-B0D7-C76A069B7E78":{"name":"Buttons \/ Primary (Disabled)"},"EEDA0D36-3E1D-4072-8CC6-50EFF3333A1E":{"name":"Notes \/ Callout NE"},"C3ADE036-3DFD-41E2-90F7-B253594D189D":{"name":"Notes \/ Callout S"},"89EB2BE9-7DD3-4BE1-ADDD-4BC49B6C5144":{"name":"Select \/ Select"},"DD158D9E-6C92-402B-9C2E-E1C0050C124E":{"name":"Form \/ Legend"},"74C63CB8-F6A9-484C-A9A7-B6F2701FA72C":{"name":"Radio \/ Unchecked"}}}},"version":103,"fonts":["AvenirNext-Bold","Palatino-Italic","AvenirNext-Medium","AvenirNext-Regular"],"compatibilityVersion":99,"app":"com.bohemiancoding.sketch3","autosaved":1,"variant":"NONAPPSTORE","created":{"commit":"4e7e2f5d7940a711b59f89190b5b7e3029f050f5","appVersion":"50.2","build":55047,"app":"com.bohemiancoding.sketch3","compatibilityVersion":99,"version":103,"variant":"NONAPPSTORE"},"saveHistory":["NONAPPSTORE.55047"],"appVersion":"50.2","build":55047}